"MUN","DEP","CL","OIZ","MLR","JMS","EP","BLANCOS","SIN.MARCA","NULOS","POTENCIAL","TOTAL"
"EL ENCANTO","Amazonas",16,56,23,91,18,3,3,4,746,214
"LA CHORRERA","Amazonas",11,80,13,176,12,3,2,4,1038,301
"LA PEDRERA","Amazonas",0,0,0,0,0,0,0,0,1042,0
"LA VICTORIA","Amazonas",2,2,0,0,0,2,0,0,23,6
"LETICIA","Amazonas",1568,3875,1183,3123,686,394,46,208,31335,11083
"MIRITI PARANA","Amazonas",8,3,8,22,6,3,0,1,459,51
"PUERTO ALEGRIA","Amazonas",2,5,6,46,3,1,0,0,277,63
"PUERTO ARICA","Amazonas",5,11,17,82,12,3,1,1,403,132
"PUERTO NARIÃO","Amazonas",147,224,124,865,83,22,17,23,4014,1505
"PUERTO SANTANDER","Amazonas",9,41,17,42,3,5,1,1,654,119
"TARAPACA","Amazonas",14,53,25,155,3,2,2,5,1322,259
"ABEJORRAL","Antioquia",318,3018,499,576,86,184,50,96,14939,4827
"ABRIAQUI","Antioquia",15,289,135,210,12,20,16,12,1903,709
"ALEJANDRIA","Antioquia",57,502,145,786,32,154,30,14,4377,1720
"AMAGA","Antioquia",786,2370,1514,1376,299,495,48,252,20893,7140
"AMALFI","Antioquia",569,1699,621,383,184,315,32,93,15588,3896
"ANDES","Antioquia",874,5582,1795,1216,303,555,53,204,32918,10582
"ANGELOPOLIS","Antioquia",153,732,348,255,84,95,16,38,5466,1721
"ANGOSTURA","Antioquia",226,1123,390,551,125,175,73,143,8632,2806
"ANORI","Antioquia",174,467,345,702,79,104,22,27,10215,1920
"ANTIOQUIA","Antioquia",847,2517,1066,1857,268,621,87,304,18537,7567
"ANZA","Antioquia",86,939,144,359,38,82,23,36,5322,1707
"APARTADO","Antioquia",1718,7084,3013,10391,1271,1968,427,431,82208,26303
"ARBOLETES","Antioquia",156,1782,241,4069,64,143,44,130,21371,6629
"ARGELIA","Antioquia",24,1756,77,274,36,102,27,30,6489,2326
"ARMENIA","Antioquia",60,605,259,313,34,86,14,45,4831,1416
"BARBOSA","Antioquia",2091,4751,2897,2098,664,966,92,540,35505,14099
"BELLO","Antioquia",21155,34202,25370,14786,7401,9949,303,3646,296790,116812
"BELMIRA","Antioquia",87,453,263,336,48,95,14,52,4470,1348
"BETANIA","Antioquia",74,1767,185,301,49,106,20,39,8241,2541
"BETULIA","Antioquia",98,2936,446,637,80,185,50,82,12791,4514
"BOLIVAR","Antioquia",506,3650,1720,950,207,361,49,146,23204,7589
"BRICEÃO","Antioquia",57,293,259,235,44,60,10,37,5819,995
"BURITICA","Antioquia",77,510,253,298,55,98,18,81,6429,1390
"CACERES","Antioquia",448,1079,520,2470,264,286,251,112,19416,5430
"CAICEDO","Antioquia",69,1121,142,267,26,80,37,47,5784,1789
"CALDAS","Antioquia",4358,6620,6405,3978,1612,2781,115,1200,56075,27069
"CAMPAMENTO","Antioquia",167,256,188,586,52,74,20,27,5911,1370
"CAÃASGORDAS","Antioquia",195,2789,581,1633,101,232,61,126,12735,5718
"CARACOLI","Antioquia",109,370,234,368,94,49,13,24,4639,1261
"CARAMANTA","Antioquia",97,914,194,666,47,75,33,49,5141,2075
"CAREPA","Antioquia",757,3950,1533,4681,451,747,60,166,38452,12345
"CARMEN DE VIBORAL","Antioquia",3643,5200,3112,1531,1035,1026,89,562,30575,16198
"CAROLINA","Antioquia",99,367,322,279,84,115,6,52,4034,1324
"CAUCASIA","Antioquia",3619,4762,3135,5136,1150,1238,111,584,60554,19735
"CHIGORODO","Antioquia",999,3031,1415,5802,426,807,183,226,41610,12889
"CISNEROS","Antioquia",382,891,672,1101,107,226,35,106,11126,3520
"COCORNA","Antioquia",237,2522,381,1656,88,179,69,82,12475,5214
"CONCEPCION","Antioquia",65,806,405,356,27,86,25,37,4452,1807
"CONCORDIA","Antioquia",221,3236,406,600,132,266,118,120,15381,5099
"COPACABANA","Antioquia",5101,6499,5547,3004,1234,2041,230,884,56567,24540
"DABEIBA","Antioquia",175,1258,214,1836,67,195,39,92,15863,3876
"DON MATIAS","Antioquia",394,2881,805,319,249,405,44,120,15845,5217
"EBEJICO","Antioquia",149,2077,361,946,91,260,43,88,11122,4015
"EL BAGRE","Antioquia",919,1935,1821,1238,614,490,30,218,33331,7265
"ENTRERRIOS","Antioquia",269,1236,616,345,134,290,16,73,7480,2979
"ENVIGADO","Antioquia",16050,42313,21653,9731,7511,9175,367,2608,225101,109408
"FREDONIA","Antioquia",585,2176,1205,1024,175,343,42,170,17648,5720
"FRONTINO","Antioquia",263,963,685,1613,100,277,43,92,16096,4036
"GIRALDO","Antioquia",121,597,214,441,32,71,12,39,3669,1527
"GIRARDOTA","Antioquia",3442,3877,4568,2491,969,1627,72,715,42867,17761
"GOMEZ PLATA","Antioquia",195,831,574,432,169,234,24,100,7944,2559
"GRANADA","Antioquia",275,2328,394,685,75,165,52,80,10006,4054
"GUADALUPE","Antioquia",350,225,396,470,38,113,11,45,5501,1648
"GUARNE","Antioquia",1751,5036,3735,1236,568,951,68,485,28996,13830
"GUATAPE","Antioquia",429,1283,552,718,116,186,18,93,6122,3395
"HELICONIA","Antioquia",110,661,185,829,40,127,183,43,5801,2178
"HISPANIA","Antioquia",84,653,209,480,45,105,18,25,5104,1619
"ITAGUI","Antioquia",14974,27514,20026,14213,5376,8074,245,2829,231363,93251
"ITUANGO","Antioquia",437,756,492,818,123,311,66,165,16942,3168
"JARDIN","Antioquia",463,2320,1266,672,189,278,33,96,11441,5317
"JERICO","Antioquia",319,2017,924,482,141,230,30,134,10975,4277
"LA CEJA","Antioquia",2857,8839,5175,2399,1348,1723,117,764,41178,23222
"LA ESTRELLA","Antioquia",3374,6466,4687,2254,1260,1814,67,713,48196,20635
"LA PINTADA","Antioquia",103,1300,235,696,45,106,36,53,6109,2574
"LA UNION","Antioquia",779,3484,1553,904,508,484,38,231,15294,7981
"LIBORINA","Antioquia",216,1621,518,768,65,132,21,37,8849,3378
"MACEO","Antioquia",294,721,393,595,58,131,16,50,7253,2258
"MARINILLA","Antioquia",2577,6545,2764,1731,882,938,58,411,36465,15906
"MEDELLIN","Antioquia",106347,261448,127393,67322,42808,53327,1997,15679,1412495,676321
"MONTEBELLO","Antioquia",157,931,461,310,53,145,52,59,5911,2168
"MURINDO","Antioquia",75,19,10,355,6,8,2,7,2508,482
"MUTATA","Antioquia",102,703,166,1796,70,135,25,52,12039,3049
"NARIÃO","Antioquia",32,2345,149,344,40,68,118,50,8867,3146
"NECHI","Antioquia",244,1442,523,1147,98,100,25,64,17285,3643
"NECOCLI","Antioquia",270,2450,486,5424,196,258,77,168,30732,9329
"OLAYA","Antioquia",18,412,191,131,43,42,8,12,2769,857
"PEÃOL","Antioquia",493,2335,783,1181,169,301,54,105,14621,5421
"PEQUE","Antioquia",57,942,71,730,38,114,131,27,5638,2110
"PUEBLORRICO","Antioquia",92,1326,403,350,43,102,18,100,6824,2434
"PUERTO BERRIO","Antioquia",990,3042,1441,2443,467,508,53,266,33297,9210
"PUERTO NARE-LA MAGDALENA","Antioquia",676,831,337,1901,80,91,13,62,11662,3991
"PUERTO TRIUNFO","Antioquia",222,1697,668,643,112,192,23,82,12172,3639
"REMEDIOS","Antioquia",430,657,524,518,218,234,24,139,15888,2744
"RETIRO","Antioquia",901,3390,1376,762,325,456,29,183,14090,7422
"RIONEGRO","Antioquia",7032,16110,9053,4077,2655,3223,113,1573,87238,43836
"SABANALARGA","Antioquia",77,1165,459,333,60,93,91,44,6723,2322
"SABANETA","Antioquia",3688,7922,4688,3237,1678,1986,46,634,54213,23879
"SALGAR","Antioquia",100,1744,206,307,78,111,50,64,13000,2660
"SAN ANDRES","Antioquia",103,657,272,193,54,140,20,74,4862,1513
"SAN CARLOS","Antioquia",164,1539,340,1912,153,141,28,75,12760,4352
"SAN FRANCISCO","Antioquia",60,836,105,679,40,58,26,45,5950,1849
"SAN JERONIMO","Antioquia",308,1883,478,1010,135,246,31,88,11716,4179
"SAN JOSE DE LA MONTAÃA","Antioquia",123,482,308,261,33,106,13,52,3063,1378
"SAN JUAN DE URABA","Antioquia",182,841,141,2814,83,81,25,42,15618,4209
"SAN LUIS","Antioquia",148,1765,461,822,149,212,44,77,10126,3678
"SAN PEDRO","Antioquia",577,2387,1771,565,236,597,40,223,17715,6396
"SAN PEDRO DE URABA","Antioquia",263,2478,366,2701,112,169,56,94,23674,6239
"SAN RAFAEL","Antioquia",346,1745,628,1715,140,263,51,112,11793,5000
"SAN ROQUE","Antioquia",302,2304,752,591,144,253,70,120,13752,4536
"SAN VICENTE","Antioquia",529,3990,1574,721,184,271,57,230,15748,7556
"SANTA BARBARA","Antioquia",709,1845,800,982,165,332,34,124,21397,4991
"SANTA ROSA DE OSOS","Antioquia",1122,4711,2749,1343,495,1049,267,580,24207,12316
"SANTO DOMINGO","Antioquia",225,1351,605,773,98,222,56,112,8481,3442
"SANTUARIO","Antioquia",997,6776,3061,1085,450,575,96,288,25148,13328
"SEGOVIA","Antioquia",1022,908,781,968,348,391,22,119,24294,4559
"SONSON","Antioquia",564,5774,1283,1223,219,372,99,254,26652,9788
"SOPETRAN","Antioquia",290,1351,543,961,261,199,37,140,11498,3782
"TAMESIS","Antioquia",463,1969,1429,586,185,315,46,146,14122,5139
"TARAZA","Antioquia",637,899,698,1848,268,226,48,162,24855,4786
"TARSO","Antioquia",67,552,150,737,41,111,19,47,5647,1724
"TITIRIBI","Antioquia",172,729,349,702,89,206,16,79,8664,2342
"TOLEDO","Antioquia",108,360,263,151,63,157,38,65,4226,1205
"TURBO","Antioquia",742,5183,1438,14073,591,1109,117,449,78990,23702
"URAMITA","Antioquia",64,442,98,1074,29,74,15,37,6039,1833
"URRAO","Antioquia",369,3163,629,1232,254,559,85,194,21012,6485
"VALDIVIA","Antioquia",159,514,392,561,61,93,29,55,11471,1864
"VALPARAISO","Antioquia",142,707,351,712,49,88,18,62,5654,2129
"VEGACHI","Antioquia",237,1123,321,310,78,154,21,50,9973,2294
"VENECIA","Antioquia",236,1269,532,777,97,212,27,73,10635,3223
"VIGIA DEL FUERTE","Antioquia",18,262,30,1240,15,26,14,14,5037,1619
"YALI","Antioquia",96,428,186,342,32,71,10,26,5481,1191
"YARUMAL","Antioquia",1275,4198,2353,1162,502,715,106,395,31961,10706
"YOLOMBO","Antioquia",368,1790,659,817,149,256,53,81,15546,4173
"YONDO-CASABE","Antioquia",960,1055,433,1371,165,132,23,94,11075,4233
"ZARAGOZA","Antioquia",573,817,501,1353,251,197,22,175,17765,3889
"ARAUCA","Arauca",1517,13541,1959,4721,1208,1075,360,566,62385,24947
"ARAUQUITA","Arauca",1666,1552,570,2913,317,251,42,196,24762,7507
"CRAVO NORTE","Arauca",36,620,14,264,15,44,3,17,3387,1013
"FORTUL","Arauca",758,578,233,1316,84,202,34,126,9836,3331
"PUERTO RONDON","Arauca",34,729,30,245,20,53,11,15,3459,1137
"SARAVENA","Arauca",1521,3402,1195,2532,533,616,53,452,28963,10304
"TAME","Arauca",1132,4829,908,2676,311,481,58,246,29423,10641
"BARANOA","Atlántico",1573,1448,950,8910,416,391,34,93,44081,13815
"BARRANQUILLA","Atlántico",36009,47075,21214,81719,17352,12303,664,2436,968361,218772
"CAMPO DE LA CRUZ","Atlántico",117,1001,262,2364,59,75,5,36,18710,3919
"CANDELARIA","Atlántico",44,359,66,2921,20,47,11,17,10734,3485
"GALAPA","Atlántico",821,1642,493,5749,249,293,12,104,33272,9363
"JUAN DE ACOSTA","Atlántico",371,769,279,2305,178,98,6,32,17379,4038
"LURUACO","Atlántico",289,1382,230,3397,106,150,34,75,22715,5663
"MALAMBO","Atlántico",2117,3342,1217,8457,557,573,92,216,67327,16571
"MANATI","Atlántico",75,363,82,2661,25,35,7,19,12812,3267
"PALMAR DE VARELA","Atlántico",486,440,199,3598,104,175,12,29,19081,5043
"PIOJO","Atlántico",30,499,34,1083,15,22,4,14,5662,1701
"POLONUEVO","Atlántico",438,315,212,2919,106,115,12,47,11647,4164
"PONEDERA","Atlántico",131,1348,145,2547,202,73,15,37,17219,4498
"PUERTO COLOMBIA","Atlántico",1093,1406,599,4478,738,344,18,72,30558,8748
"REPELON","Atlántico",243,481,142,5494,66,106,15,56,17487,6603
"SABANAGRANDE","Atlántico",600,1055,448,3973,257,333,35,65,22004,6766
"SABANALARGA","Atlántico",1158,2468,1085,16307,579,590,58,199,61435,22444
"SANTA LUCIA","Atlántico",80,504,63,1786,84,16,6,14,9210,2553
"SANTO TOMAS","Atlántico",1273,881,444,3021,241,245,22,31,24929,6158
"SOLEDAD","Atlántico",9347,9775,4596,23942,2840,2596,344,652,253922,54092
"SUAN","Atlántico",62,342,59,2693,27,36,2,27,9273,3248
"TUBARA","Atlántico",331,423,287,2243,102,71,141,11,9569,3609
"USIACURI","Atlántico",122,185,106,1890,71,51,6,20,7300,2451
"BOGOTA. D.C.","Bogotá",498951,539441,364986,441960,390499,206861,4045,54731,5204003,2501474
"ACHI","Bolívar",148,3909,121,1136,61,57,30,36,15286,5498
"ALTOS DEL ROSARIO","Bolívar",113,724,27,1255,20,28,11,25,6207,2203
"ARENAL","Bolívar",179,315,149,843,21,28,4,11,5302,1550
"ARJONA","Bolívar",1628,3226,869,4869,676,764,47,187,48396,12266
"ARROYO HONDO","Bolívar",77,804,72,799,24,14,5,27,6550,1822
"BARRANCO DE LOBA","Bolívar",263,1759,90,1369,39,30,19,91,10513,3660
"CALAMAR","Bolívar",309,1940,189,2841,69,117,25,86,16955,5576
"CANTAGALLO","Bolívar",264,302,301,557,25,35,10,11,5946,1505
"CARTAGENA","Bolívar",30365,45250,13159,37468,14986,9289,486,1590,692257,152593
"CICUCO","Bolívar",245,554,103,2143,31,39,8,21,8744,3144
"CLEMENCIA","Bolívar",225,647,119,1703,107,56,9,47,9561,2913
"CORDOBA","Bolívar",181,1733,88,3590,24,52,24,21,12934,5713
"EL CARMEN DE BOLIVAR","Bolívar",427,8039,327,6265,159,364,174,237,50793,15992
"EL GUAMO","Bolívar",46,691,39,1481,13,34,5,23,7055,2332
"EL PEÃON","Bolívar",135,732,64,836,11,17,3,9,5485,1807
"HATILLO DE LOBA","Bolívar",262,1672,78,1271,15,23,13,21,9615,3355
"MAGANGUE","Bolívar",2195,7446,1558,13883,677,589,69,383,89302,26800
"MAHATES","Bolívar",374,1996,211,2258,117,64,19,55,18621,5094
"MARGARITA","Bolívar",220,1031,110,1098,12,30,7,21,8460,2529
"MARIA LA BAJA","Bolívar",511,1962,122,6989,112,182,36,147,35962,10061
"MOMPOS","Bolívar",1079,2233,421,3295,121,156,10,98,33608,7413
"MONTECRISTO","Bolívar",36,759,205,1014,22,21,4,21,8384,2082
"MORALES","Bolívar",169,1676,201,1611,47,52,21,27,10311,3804
"NOROSI","Bolívar",52,287,127,602,19,16,4,14,3615,1121
"PINILLOS","Bolívar",310,1765,285,2906,57,50,20,83,15566,5476
"REGIDOR","Bolívar",43,276,25,835,13,7,5,9,4284,1213
"RIOVIEJO","Bolívar",118,736,69,1061,27,28,3,21,5683,2063
"SAN CRISTOBAL","Bolívar",76,214,25,1683,18,25,3,6,6053,2050
"SAN ESTANISLAO","Bolívar",265,1096,188,2481,84,120,12,47,13563,4293
"SAN FERNANDO","Bolívar",145,682,49,1127,10,24,8,30,7833,2075
"SAN JACINTO","Bolívar",311,3257,307,3518,93,148,232,76,19368,7942
"SAN JACINTO DEL CAUCA","Bolívar",86,927,51,846,24,33,9,11,6563,1987
"SAN JUAN NEPOMUCENO","Bolívar",398,3881,281,3123,172,209,24,95,29049,8183
"SAN MARTIN DE LOBA","Bolívar",367,1226,190,1126,45,44,2,34,10366,3034
"SAN PABLO","Bolívar",556,1369,674,1501,87,448,44,100,16328,4779
"SANTA CATALINA","Bolívar",262,428,108,1970,51,70,6,22,11136,2917
"SANTA ROSA","Bolívar",136,534,105,951,60,398,27,50,12294,2261
"SANTA ROSA DEL SUR","Bolívar",758,2746,1274,1076,170,271,22,112,16803,6429
"SIMITI","Bolívar",408,1193,481,1039,52,101,17,56,11814,3347
"SOPLAVIENTO","Bolívar",254,243,75,2037,49,49,6,16,7765,2729
"TALAIGUA NUEVO","Bolívar",174,1140,97,1675,46,36,6,10,8649,3184
"TIQUISIO (PTO. RICO)","Bolívar",103,1658,79,1017,30,37,9,32,11548,2965
"TURBACO","Bolívar",2010,3254,1423,3909,895,734,33,182,55375,12440
"TURBANA","Bolívar",321,1104,349,1680,177,136,11,40,13563,3818
"VILLANUEVA","Bolívar",402,2317,167,1762,84,123,18,96,14210,4969
"ZAMBRANO","Bolívar",101,376,59,3317,23,63,9,31,8536,3979
"ALMEIDA","Boyacá",58,460,50,109,17,19,3,22,1867,738
"AQUITANIA (PUEBLOVIEJO)","Boyacá",421,3467,1168,300,127,86,32,126,12252,5727
"ARCABUCO","Boyacá",302,483,559,348,71,81,9,99,4415,1952
"BELEN","Boyacá",544,542,1142,364,113,122,14,80,6658,2921
"BERBEO","Boyacá",84,151,66,90,39,42,1,10,1466,483
"BETEITIVA","Boyacá",98,183,151,215,43,41,5,15,1884,751
"BOAVITA","Boyacá",194,1043,451,325,43,41,8,35,5150,2140
"BOYACA","Boyacá",263,300,169,230,80,33,14,39,4001,1128
"BRICEÃO","Boyacá",42,341,148,279,15,23,5,11,1977,864
"BUENAVISTA","Boyacá",125,803,250,562,96,50,20,32,4503,1938
"BUSBANZA","Boyacá",38,76,184,51,21,13,4,5,763,392
"CALDAS","Boyacá",162,344,278,203,29,77,7,32,3072,1132
"CAMPOHERMOSO","Boyacá",74,659,142,149,27,42,4,9,2502,1106
"CERINZA","Boyacá",385,334,593,158,77,62,7,58,3303,1674
"CHINAVITA","Boyacá",136,556,200,214,30,32,4,14,3101,1186
"CHIQUINQUIRA","Boyacá",3207,4981,4114,2937,1253,936,36,433,38741,17897
"CHIQUIZA","Boyacá",178,158,121,361,77,84,14,129,4236,1122
"CHISCAS","Boyacá",78,1116,28,246,19,22,9,32,3542,1550
"CHITA","Boyacá",163,2337,115,150,41,67,19,66,6430,2958
"CHITARAQUE","Boyacá",118,758,154,487,20,40,16,32,5240,1625
"CHIVATA","Boyacá",193,190,441,116,164,25,2,26,2545,1157
"CHIVOR","Boyacá",26,396,164,145,14,20,4,8,1778,777
"CIENEGA","Boyacá",119,847,582,94,62,54,9,28,3757,1795
"COMBITA","Boyacá",691,581,795,443,297,95,7,111,8320,3020
"COPER","Boyacá",66,320,264,617,20,47,6,19,3240,1359
"CORRALES","Boyacá",223,217,373,109,80,49,3,29,2170,1083
"COVARACHIA","Boyacá",54,927,83,105,21,13,11,14,3177,1228
"CUBARA","Boyacá",248,436,207,394,32,88,20,51,4575,1476
"CUCAITA","Boyacá",279,144,703,133,77,50,5,26,2988,1417
"CUITIVA","Boyacá",110,326,238,142,31,21,4,13,1870,885
"DUITAMA","Boyacá",11918,9674,7551,4542,5587,2019,50,1208,79112,42549
"EL COCUY","Boyacá",112,1084,233,107,33,67,9,41,3711,1686
"EL ESPINO","Boyacá",32,834,189,71,12,13,6,7,2244,1164
"FIRAVITOBA","Boyacá",598,338,538,259,132,57,9,46,5540,1977
"FLORESTA","Boyacá",129,425,580,142,83,43,11,19,3045,1432
"GACHANTIVA","Boyacá",146,385,328,223,49,32,8,33,2766,1204
"GAMEZA","Boyacá",188,563,539,148,54,44,7,45,4044,1588
"GARAGOA","Boyacá",811,1544,1035,760,268,218,13,138,11535,4787
"GUACAMAYAS","Boyacá",29,636,80,28,5,12,5,7,1642,802
"GUATEQUE","Boyacá",525,1043,565,891,293,213,22,111,8798,3663
"GUAYATA","Boyacá",105,794,431,239,46,45,4,22,3876,1686
"GUICAN","Boyacá",107,995,184,81,56,57,17,32,2992,1529
"IZA","Boyacá",190,331,214,98,73,25,0,15,2115,946
"JENESANO","Boyacá",332,572,208,398,88,72,18,63,5296,1751
"JERICO","Boyacá",81,986,71,132,25,22,15,34,3094,1366
"LA CAPILLA","Boyacá",158,373,254,145,45,47,7,22,2574,1051
"LA UVITA","Boyacá",47,675,282,119,34,21,4,22,2512,1204
"LA VICTORIA","Boyacá",16,164,14,339,6,16,7,4,1478,566
"LABRANZAGRANDE","Boyacá",69,817,64,114,17,15,14,15,2670,1125
"MACANAL","Boyacá",169,731,279,183,53,40,11,50,3533,1516
"MARIPI","Boyacá",95,1025,196,820,23,36,7,39,6561,2241
"MIRAFLORES","Boyacá",705,990,340,947,307,428,18,86,7548,3821
"MONGUA","Boyacá",168,1418,352,103,58,29,14,44,3841,2186
"MONGUI","Boyacá",553,544,322,160,66,39,1,28,3436,1713
"MONIQUIRA","Boyacá",1553,2059,1245,1195,305,259,31,257,16776,6904
"MOTAVITA","Boyacá",463,364,291,405,230,89,6,101,4759,1949
"MUZO","Boyacá",188,1157,574,653,58,107,20,103,6961,2860
"NOBSA","Boyacá",2303,855,1116,824,626,235,6,145,10901,6110
"NUEVO COLON","Boyacá",332,350,352,273,99,109,7,66,4437,1588
"OICATA","Boyacá",252,176,268,144,107,27,1,24,2290,999
"OTANCHE","Boyacá",153,1774,221,328,64,92,21,59,6353,2712
"PACHAVITA","Boyacá",83,417,184,93,36,32,6,13,1994,864
"PAEZ","Boyacá",43,573,55,481,36,49,8,13,2265,1258
"PAIPA","Boyacá",2183,2458,1827,1637,1691,674,22,448,23614,10940
"PAJARITO","Boyacá",63,490,42,101,21,18,7,4,1612,746
"PANQUEBA","Boyacá",28,530,84,49,4,10,6,6,1516,717
"PAUNA","Boyacá",195,1184,555,688,56,85,23,99,6759,2885
"PAYA","Boyacá",39,285,241,49,15,18,5,16,1284,668
"PAZ DE RIO","Boyacá",507,172,328,304,284,81,7,42,4418,1725
"PESCA","Boyacá",309,769,727,298,66,63,10,55,6147,2297
"PISBA","Boyacá",34,289,35,64,29,11,7,9,968,478
"PUERTO BOYACA","Boyacá",1601,3938,2360,2762,835,653,73,609,31446,12831
"QUIPAMA","Boyacá",99,1079,249,363,38,40,19,60,4842,1947
"RAMIRIQUI","Boyacá",494,1233,646,576,184,143,4,100,8433,3380
"RAQUIRA","Boyacá",277,653,679,322,69,87,16,65,4405,2168
"RONDON","Boyacá",67,416,180,203,44,40,2,22,2246,974
"SABOYA","Boyacá",461,1333,1023,780,168,195,25,137,9419,4122
"SACHICA","Boyacá",275,287,298,412,99,56,7,55,3126,1489
"SAMACA","Boyacá",1091,905,1546,998,431,438,27,258,12663,5694
"SAN EDUARDO","Boyacá",60,247,116,114,36,69,36,8,1423,686
"SAN JOSE DE PARE","Boyacá",121,724,238,426,62,77,50,41,5155,1739
"SAN LUIS DE GACENO","Boyacá",163,1153,314,233,67,38,20,40,4485,2028
"SAN MATEO","Boyacá",62,1305,164,132,29,21,3,20,3708,1736
"SAN MIGUEL DE SEMA","Boyacá",84,267,472,211,43,39,7,28,2722,1151
"SAN PABLO DE BORBUR","Boyacá",92,1644,145,286,39,56,21,57,5775,2340
"SANTA MARIA","Boyacá",171,501,291,228,61,74,14,76,3377,1416
"SANTA ROSA DE VITERBO","Boyacá",602,1165,1364,415,337,156,5,92,7720,4136
"SANTA SOFIA","Boyacá",82,488,365,198,34,51,11,29,2960,1258
"SANTANA","Boyacá",212,724,254,926,60,81,10,36,6514,2303
"SATIVANORTE","Boyacá",54,456,140,210,20,17,8,15,2368,920
"SATIVASUR","Boyacá",39,82,184,90,15,8,2,15,1228,435
"SIACHOQUE","Boyacá",476,930,732,188,357,72,8,106,6011,2869
"SOATA","Boyacá",337,1465,949,1019,70,84,7,80,7203,4011
"SOCHA","Boyacá",533,656,497,283,121,121,11,84,6118,2306
"SOCOTA","Boyacá",196,1568,189,367,40,70,22,67,5885,2519
"SOGAMOSO","Boyacá",14318,9768,7385,5705,3754,1720,63,1023,84787,43736
"SOMONDOCO","Boyacá",203,497,192,160,54,36,4,19,2827,1165
"SORA","Boyacá",194,186,297,319,73,62,10,57,2431,1198
"SORACA","Boyacá",453,433,922,208,268,46,9,72,5044,2411
"SOTAQUIRA","Boyacá",266,536,612,284,195,45,6,67,5174,2011
"SUSACON","Boyacá",54,371,544,77,30,16,16,40,2581,1148
"SUTAMARCHAN","Boyacá",190,866,502,444,88,91,16,46,4949,2243
"SUTATENZA","Boyacá",158,698,235,245,72,57,18,48,3597,1531
"TASCO","Boyacá",382,410,154,580,105,61,14,51,4968,1757
"TENZA","Boyacá",123,594,263,207,82,52,12,73,3478,1406
"TIBANA","Boyacá",462,609,232,767,80,80,17,102,7410,2349
"TIBASOSA","Boyacá",1061,821,1151,497,264,150,11,140,7716,4095
"TINJACA","Boyacá",176,260,481,213,42,55,3,25,2559,1255
"TIPACOQUE","Boyacá",73,651,65,459,57,40,10,29,3260,1384
"TOCA","Boyacá",612,764,696,435,189,172,8,84,6746,2960
"TOGUI","Boyacá",115,342,349,399,25,56,14,60,4190,1360
"TOPAGA","Boyacá",258,514,439,182,64,33,3,44,2796,1537
"TOTA","Boyacá",127,858,201,294,44,33,19,47,3953,1623
"TUNJA","Boyacá",18326,7822,11348,8519,7257,2608,54,1295,108550,57229
"TUNUNGUA","Boyacá",38,136,48,270,13,21,0,10,1234,536
"TURMEQUE","Boyacá",658,375,350,436,76,181,10,71,5703,2157
"TUTA","Boyacá",747,533,1355,406,207,99,8,60,6865,3415
"TUTAZA","Boyacá",173,285,220,67,40,24,4,65,1759,878
"UMBITA","Boyacá",223,1409,804,309,77,101,15,71,5850,3009
"VENTAQUEMADA","Boyacá",879,774,1923,263,185,113,27,135,10549,4299
"VILLA DE LEIVA","Boyacá",865,1345,581,1205,625,234,19,143,9480,5017
"VIRACACHA","Boyacá",102,339,477,112,52,32,12,42,2580,1168
"ZETAQUIRA","Boyacá",158,473,128,297,65,101,3,24,3771,1249
"AGUADAS","Caldas",419,4053,1692,1196,199,319,127,350,18626,8355
"ANSERMA","Caldas",837,7347,2342,1278,400,574,68,531,27331,13377
"ARANZAZU","Caldas",212,2437,1178,654,194,220,47,306,11333,5248
"BELALCAZAR","Caldas",198,1814,883,1018,82,145,36,102,9981,4278
"CHINCHINA","Caldas",2159,6992,3064,3621,1235,1030,119,739,41818,18959
"FILADELFIA","Caldas",286,1479,567,1188,136,188,35,77,9505,3956
"LA DORADA","Caldas",2074,9700,2312,5731,938,1064,87,1222,56579,23128
"LA MERCED","Caldas",134,600,917,493,43,66,15,49,5612,2317
"MANIZALES","Caldas",28471,48165,26454,24760,16812,11456,461,5347,311783,161926
"MANZANARES","Caldas",178,4228,692,1118,108,213,47,166,15257,6750
"MARMATO","Caldas",538,684,270,294,70,110,17,102,6275,2085
"MARQUETALIA","Caldas",105,3792,917,392,55,107,42,104,11221,5514
"MARULANDA","Caldas",25,624,252,179,21,35,15,24,2674,1175
"NEIRA","Caldas",540,3965,1062,1609,457,578,82,406,18885,8699
"NORCASIA","Caldas",137,923,198,945,40,123,26,77,5564,2469
"PACORA","Caldas",212,2389,730,1280,227,206,70,147,11902,5261
"PALESTINA","Caldas",350,2253,799,2149,201,265,42,195,15055,6254
"PENSILVANIA","Caldas",188,6537,489,911,83,216,81,194,16824,8699
"RIOSUCIO","Caldas",2577,6985,1714,2554,535,727,155,638,36715,15885
"RISARALDA","Caldas",259,2428,643,760,88,191,45,108,10646,4522
"SALAMINA","Caldas",418,3032,704,1335,213,276,54,137,15417,6169
"SAMANA","Caldas",225,4172,482,1656,96,185,56,153,16062,7025
"SAN JOSE","Caldas",62,1031,617,386,63,78,132,30,4815,2399
"SUPIA","Caldas",1129,3632,914,1307,302,483,252,666,20395,8685
"VICTORIA","Caldas",115,1821,301,1314,100,110,30,85,8297,3876
"VILLAMARIA","Caldas",2598,5743,3285,3872,1552,1295,99,686,36472,19130
"VITERBO","Caldas",381,3739,779,658,389,191,34,142,12584,6313
"ALBANIA","Caquetá",109,829,192,191,56,57,3,26,3717,1463
"BELEN DE LOS ANDAQUIES","Caquetá",293,1547,283,328,148,132,28,55,7297,2814
"CARTAGENA DEL CHAIRA","Caquetá",972,897,356,983,116,256,21,91,16691,3692
"CURILLO","Caquetá",105,1124,121,351,67,101,19,29,7284,1917
"EL DONCELLO","Caquetá",540,2801,623,907,190,239,31,120,15487,5451
"EL PAUJIL","Caquetá",277,1305,219,655,119,144,31,72,11413,2822
"FLORENCIA","Caquetá",5199,27127,4033,6040,3384,2303,193,861,108549,49140
"LA MONTAÃITA","Caquetá",415,870,138,441,96,110,16,45,9646,2131
"MILAN","Caquetá",109,587,168,274,76,71,11,18,6479,1314
"MORELIA","Caquetá",76,796,83,98,46,35,3,17,3243,1154
"PUERTO RICO","Caquetá",847,2414,501,994,182,390,123,142,17800,5593
"SAN JOSE DEL FRAGUA","Caquetá",294,1361,325,476,124,200,27,56,8619,2863
"SAN VICENTE DEL CAGUAN","Caquetá",1143,3194,606,2035,208,346,47,139,28528,7718
"SOLANO","Caquetá",147,359,80,262,52,52,6,15,7316,973
"SOLITA","Caquetá",151,515,187,404,86,117,7,41,5391,1508
"VALPARAISO","Caquetá",57,964,155,657,114,84,16,34,6119,2081
"AGUAZUL","Casanare",1511,6716,1858,1370,1206,648,60,558,24755,13927
"CHAMEZA","Casanare",47,434,34,244,43,25,5,9,1393,841
"HATO COROZAL","Casanare",223,2237,103,283,100,72,21,68,6746,3107
"LA SALINA","Casanare",51,123,23,99,12,47,5,13,803,373
"MANI","Casanare",343,2626,257,444,313,211,28,74,8922,4296
"MONTERREY","Casanare",700,2796,663,479,503,353,23,106,10294,5623
"NUNCHIA","Casanare",141,2188,121,231,185,136,56,49,5940,3107
"OROCUE","Casanare",285,1473,142,345,292,138,14,60,7223,2749
"PAZ DE ARIPORO (MORENO)","Casanare",713,7458,504,646,378,315,59,163,21104,10236
"PORE","Casanare",185,2199,101,295,124,106,33,67,5788,3110
"RECETOR","Casanare",81,318,36,109,47,34,7,8,1295,640
"SABANALARGA","Casanare",182,758,114,242,82,40,7,18,2627,1443
"SACAMA","Casanare",110,105,112,117,14,25,3,7,1456,493
"SAN LUIS DE PALENQUE","Casanare",133,1750,135,185,93,97,20,35,5327,2448
"TAMARA","Casanare",127,1281,83,263,59,75,23,41,4116,1952
"TAURAMENA","Casanare",935,4412,988,480,576,284,44,200,14178,7919
"TRINIDAD","Casanare",256,2798,144,228,186,138,41,86,8764,3877
"VILLANUEVA","Casanare",930,3942,1605,1067,484,363,32,288,18048,8711
"YOPAL","Casanare",5032,24524,5081,3467,5024,2378,216,1343,89809,47065
"ALMAGUER","Cauca",161,97,106,3016,49,85,31,65,11985,3610
"ARGELIA","Cauca",1026,136,186,2865,79,144,12,71,15134,4519
"BALBOA","Cauca",551,240,196,3030,135,93,24,51,15105,4320
"BOLIVAR","Cauca",624,1219,518,5394,230,251,44,197,30819,8477
"BUENOS AIRES","Cauca",365,736,282,3744,128,314,86,222,14715,5877
"CAJIBIO","Cauca",642,960,1348,2642,328,265,65,187,22136,6437
"CALDONO","Cauca",749,753,628,2484,248,393,114,224,19203,5593
"CALOTO","Cauca",1105,1372,548,3402,274,415,40,276,17055,7432
"CORINTO","Cauca",1022,597,585,3733,335,675,66,255,16421,7268
"EL TAMBO","Cauca",656,2334,1229,5382,444,433,110,353,33278,10941
"FLORENCIA","Cauca",85,245,129,1136,85,51,5,28,4406,1764
"GUACHENE","Cauca",372,455,264,5052,248,250,27,296,11548,6964
"GUAPI","Cauca",453,228,507,2697,45,118,19,128,18850,4195
"INZA","Cauca",940,1057,800,1089,156,159,55,189,15700,4445
"JAMBALO","Cauca",340,112,122,1584,119,178,53,120,7591,2628
"LA SIERRA","Cauca",218,862,181,1254,103,171,34,105,8547,2928
"LA VEGA","Cauca",354,441,584,2025,122,173,24,70,14686,3793
"LOPEZ (MICAY)","Cauca",673,123,133,1594,22,29,13,30,12215,2617
"MERCADERES","Cauca",340,428,512,2897,68,138,42,60,13654,4485
"MIRANDA","Cauca",2326,1206,865,3921,330,367,35,346,17814,9396
"MORALES","Cauca",447,920,820,2747,206,240,46,120,17411,5546
"PADILLA","Cauca",181,140,69,2733,37,146,15,140,6298,3461
"PAEZ (BELALCAZAR)","Cauca",706,1152,694,2649,233,310,91,288,18450,6123
"PATIA (EL BORDO)","Cauca",1386,1429,651,2106,245,290,34,172,24751,6313
"PIAMONTE","Cauca",175,484,193,298,84,112,9,41,4591,1396
"PIENDAMO","Cauca",1065,1971,2144,2393,549,542,80,279,25260,9023
"POPAYAN","Cauca",18002,19409,17132,22686,9501,5844,247,2262,212419,95083
"PUERTO TEJADA","Cauca",1525,996,959,8406,487,681,42,646,30555,13742
"PURACE (COCONUCO)","Cauca",320,510,300,1432,78,135,25,84,8219,2884
"ROSAS","Cauca",225,777,290,1594,72,131,41,103,8158,3233
"SAN SEBASTIAN","Cauca",58,610,47,2433,82,66,33,28,6980,3357
"SANTA ROSA","Cauca",109,326,118,386,34,66,12,25,3931,1076
"SANTANDER DE QUILICHAO","Cauca",4690,5310,3633,9172,1800,1548,113,1212,68797,27478
"SILVIA","Cauca",951,688,902,3280,308,288,85,190,20946,6692
"SOTARA (PAISPAMBA)","Cauca",193,497,253,1468,65,109,29,71,6972,2685
"SUAREZ","Cauca",331,700,245,3199,138,268,49,170,15309,5100
"SUCRE","Cauca",274,101,47,747,63,52,12,23,5111,1319
"TIMBIO","Cauca",848,2447,1722,3359,797,451,63,326,23590,10013
"TIMBIQUI","Cauca",500,206,483,2629,107,71,125,80,13709,4201
"TORIBIO","Cauca",838,219,245,3683,245,376,85,304,15697,5995
"TOTORO","Cauca",262,380,354,1735,186,126,30,78,9925,3151
"VILLA RICA","Cauca",677,413,449,4061,195,208,28,302,12124,6333
"AGUACHICA","Cesar",2292,9833,2237,7943,999,899,73,576,60268,24852
"AGUSTIN CODAZZI","Cesar",1675,4640,629,4717,492,391,38,228,41695,12810
"ASTREA","Cesar",384,1544,154,2453,49,92,15,54,12844,4745
"BECERRIL","Cesar",713,1110,217,2445,213,149,14,67,13375,4928
"BOSCONIA","Cesar",1016,2453,584,2326,283,246,329,162,24412,7399
"CHIMICHAGUA","Cesar",991,2548,525,2997,153,126,21,83,22913,7444
"CHIRIGUANA","Cesar",930,2132,356,2093,115,146,24,70,19212,5866
"CURUMANI","Cesar",1260,2265,573,4542,126,236,30,138,23403,9170
"EL COPEY","Cesar",585,2287,473,3025,148,214,21,112,21152,6865
"EL PASO","Cesar",971,1308,337,3599,160,188,13,112,17726,6688
"GAMARRA","Cesar",226,1243,377,2360,43,56,9,38,9877,4352
"GONZALEZ","Cesar",119,292,134,855,36,64,3,27,3940,1530
"LA GLORIA","Cesar",304,1189,194,2195,49,70,12,53,10139,4066
"LA JAGUA DE IBIRICO","Cesar",2136,1247,546,5060,369,313,22,151,21657,9844
"LA PAZ","Cesar",340,2121,261,2738,132,142,13,63,18182,5810
"MANAURE BALCON DEL CESAR (MANA","Cesar",211,702,180,1595,52,49,10,44,6399,2843
"PAILITAS","Cesar",530,778,191,3055,135,103,13,78,13055,4883
"PELAYA","Cesar",367,1331,226,2373,104,128,20,59,12570,4608
"PUEBLO BELLO","Cesar",492,1098,120,1679,86,112,26,62,14106,3675
"RIO DE ORO","Cesar",608,1732,349,1441,129,151,21,81,13965,4512
"SAN ALBERTO","Cesar",864,2080,725,2122,280,257,34,129,17149,6491
"SAN DIEGO","Cesar",198,1423,267,2253,239,185,18,46,12853,4629
"SAN MARTIN","Cesar",776,1808,881,1949,158,151,23,113,13115,5859
"TAMALAMEQUE","Cesar",297,716,141,2378,23,66,5,77,9817,3703
"VALLEDUPAR","Cesar",10475,23106,8228,34317,5605,3977,487,1592,259852,87787
"ACANDI","Chocó",54,626,104,1615,53,55,10,33,7918,2550
"ALTO BAUDO (PIE DE PATO)","Chocó",70,101,28,1651,417,43,17,35,8974,2362
"ATRATO (YUTO)","Chocó",142,503,199,1493,73,126,17,94,8722,2647
"BAGADO","Chocó",32,280,95,760,34,25,17,28,8679,1271
"BAHIA SOLANO (MUTIS)","Chocó",151,305,81,1066,34,36,10,22,6989,1705
"BAJO BAUDO (PIZARRO)","Chocó",51,247,118,1456,26,21,20,31,9607,1970
"BOJAYA (BELLAVISTA)","Chocó",19,258,38,629,7,29,6,15,6585,1001
"CARMEN DEL DARIEN","Chocó",83,140,36,959,7,17,7,31,5257,1280
"CERTEGUI","Chocó",68,312,230,730,50,55,19,41,4044,1505
"CONDOTO","Chocó",302,571,607,681,118,165,21,129,10167,2594
"EL CANTON DEL SAN PABLO (MAN.","Chocó",68,327,83,696,43,80,11,39,4256,1347
"EL CARMEN","Chocó",118,495,426,540,62,106,14,46,5556,1807
"EL LITORAL DEL SAN JUAN","Chocó",159,36,45,1193,28,26,7,24,6876,1518
"ISTMINA","Chocó",666,1181,1129,1547,250,412,48,184,20146,5417
"JURADO","Chocó",16,183,35,374,9,21,5,5,2866,648
"LLORO","Chocó",61,506,138,1395,62,66,24,97,7397,2349
"MEDIO ATRATO (BETE)","Chocó",89,142,37,497,37,41,6,30,5670,879
"MEDIO BAUDO (PUERTO MELUK)","Chocó",29,359,80,912,34,72,17,23,7044,1526
"MEDIO SAN JUAN","Chocó",151,154,192,755,131,92,40,91,7376,1606
"NOVITA","Chocó",113,371,190,354,51,80,28,67,5055,1254
"NUQUI","Chocó",42,162,91,890,17,34,7,22,5282,1265
"QUIBDO","Chocó",2008,4919,2084,8359,1010,1397,130,1246,73678,21153
"RIO IRO","Chocó",24,114,54,530,15,16,11,27,3669,791
"RIO QUITO (PAIMADO)","Chocó",86,449,166,1383,45,59,18,61,5885,2267
"RIOSUCIO","Chocó",56,242,114,2020,28,43,97,38,12863,2638
"SAN JOSE DEL PALMAR","Chocó",112,180,118,751,36,50,14,29,4095,1290
"SIPI","Chocó",47,151,111,195,46,24,79,37,2405,690
"TADO","Chocó",218,924,757,1477,71,133,57,171,11713,3808
"UNGUIA","Chocó",36,290,113,1052,40,223,31,68,8167,1853
"UNION PANAMERICANA (LAS ANIMAS","Chocó",70,319,255,563,38,50,11,36,4893,1342
"AYAPEL","Córdoba",511,3032,567,4542,127,200,34,110,31026,9123
"BUENAVISTA","Córdoba",394,1403,249,4028,79,72,24,72,17636,6321
"CANALETE","Córdoba",190,706,204,3173,41,73,15,38,15668,4440
"CERETE","Córdoba",2222,7223,2756,8196,854,1132,54,367,68558,22804
"CHIMA","Córdoba",216,963,339,3117,50,100,11,42,12491,4838
"CHINU","Córdoba",758,6157,1110,7078,273,460,53,245,33856,16134
"CIENAGA DE ORO","Córdoba",968,4284,1179,6452,433,619,46,213,40078,14194
"COTORRA (BONGO)","Córdoba",264,2134,369,2901,111,92,16,39,13103,5926
"LA APARTADA (FRONTERA)","Córdoba",218,732,221,2844,168,129,29,61,12801,4402
"LORICA","Córdoba",1907,6570,1738,17049,494,878,58,299,80807,28993
"LOS CORDOBAS","Córdoba",128,1037,321,2670,61,45,20,38,13167,4320
"MOMIL","Córdoba",308,1550,409,2821,90,171,13,39,12514,5401
"MONTELIBANO","Córdoba",1758,2738,1450,8211,1088,861,56,313,52228,16475
"MONTERIA","Córdoba",8062,37518,10378,29051,3256,4559,369,1441,285538,94634
"MOÃITOS","Córdoba",205,1278,88,2255,55,78,14,41,17586,4014
"PLANETA RICA","Córdoba",804,3717,1942,9520,335,635,249,236,50770,17438
"PUEBLO NUEVO","Córdoba",332,1689,597,5392,195,167,19,83,22661,8474
"PUERTO ESCONDIDO","Córdoba",258,1608,320,3445,81,95,59,46,17415,5912
"PUERTO LIBERTADOR","Córdoba",638,893,321,4583,168,146,9,117,24405,6875
"PURISIMA","Córdoba",282,1170,597,2901,101,98,19,65,13040,5233
"SAHAGUN","Córdoba",1693,5357,1244,18266,544,759,63,310,76537,28236
"SAN ANDRES DE SOTAVENTO","Córdoba",393,1191,1571,7076,211,151,59,131,26668,10783
"SAN ANTERO","Córdoba",354,1992,390,4650,159,157,34,86,19994,7822
"SAN BERNARDO DEL VIENTO","Córdoba",408,1833,271,5374,171,170,19,66,25832,8312
"SAN CARLOS","Córdoba",298,1670,431,2084,89,139,13,41,19432,4765
"SAN JOSE DE URE","Córdoba",97,260,91,1908,97,41,8,31,6928,2533
"SAN PELAYO","Córdoba",526,2526,1038,5677,205,264,13,101,34841,10350
"TIERRALTA","Córdoba",1177,3353,814,8074,379,500,66,215,57470,14578
"TUCHIN","Córdoba",326,2117,1550,2078,71,81,36,130,19690,6389
"VALENCIA","Córdoba",288,1990,478,5835,119,203,32,89,24420,9034
"AGUA DE DIOS","Cundinamarca",560,1013,707,1554,142,223,14,120,9407,4333
"ALBAN","Cundinamarca",181,792,550,270,66,82,3,56,4795,2000
"ANAPOIMA","Cundinamarca",318,2543,469,1314,179,161,5,76,10626,5065
"ANOLAIMA","Cundinamarca",323,2094,520,992,145,201,14,93,11067,4382
"APULO","Cundinamarca",227,1247,267,956,54,90,14,50,6717,2905
"ARBELAEZ","Cundinamarca",388,1763,1212,543,196,161,9,85,8300,4357
"BELTRAN","Cundinamarca",31,312,30,311,25,21,10,13,2003,753
"BITUIMA","Cundinamarca",33,433,132,224,25,37,2,18,2844,904
"BOJACA","Cundinamarca",410,887,780,750,186,187,10,173,5315,3383
"CABRERA","Cundinamarca",409,247,83,315,21,60,3,33,3282,1171
"CACHIPAY","Cundinamarca",313,1385,567,1206,137,202,12,88,8509,3910
"CAJICA","Cundinamarca",3258,3879,5128,2584,2521,1318,33,520,34539,19241
"CAPARRAPI","Cundinamarca",100,1953,354,876,42,117,37,48,10272,3527
"CAQUEZA","Cundinamarca",891,2670,1432,693,277,344,17,191,14097,6515
"CARMEN DE CARUPA","Cundinamarca",124,517,1326,198,74,111,8,47,6025,2405
"CHAGUANI","Cundinamarca",45,618,92,294,18,40,6,18,3725,1131
"CHIA","Cundinamarca",6566,9063,9295,6620,6561,2978,67,881,77779,42031
"CHIPAQUE","Cundinamarca",349,1889,531,442,91,131,6,76,6993,3515
"CHOACHI","Cundinamarca",492,2418,1045,477,225,277,13,129,11062,5076
"CHOCONTA","Cundinamarca",724,1698,2754,824,241,349,28,224,13526,6842
"COGUA","Cundinamarca",983,1127,2775,614,379,328,17,155,12219,6378
"COTA","Cundinamarca",1533,2695,2253,1686,1441,731,17,217,20752,10573
"CUCUNUBA","Cundinamarca",171,439,1620,210,70,94,4,71,4530,2679
"EL COLEGIO","Cundinamarca",815,3416,1255,1876,256,250,20,124,18346,8012
"EL PEÃON","Cundinamarca",36,1171,94,207,29,29,15,14,4283,1595
"EL ROSAL","Cundinamarca",679,3488,1864,923,366,415,20,383,12280,8138
"FACATATIVA","Cundinamarca",8181,11577,12060,5953,3691,3557,81,2050,80720,47150
"FOMEQUE","Cundinamarca",331,2934,527,453,141,166,18,74,9188,4644
"FOSCA","Cundinamarca",158,1431,367,186,37,58,7,20,5353,2264
"FUNZA","Cundinamarca",5232,7279,7822,5025,2534,2487,38,1173,55981,31590
"FUQUENE","Cundinamarca",182,342,521,331,92,99,4,34,3690,1605
"FUSAGASUGA","Cundinamarca",6518,16490,6449,7324,2700,2446,97,1282,91223,43306
"GACHALA","Cundinamarca",107,894,210,525,49,71,13,20,5076,1889
"GACHANCIPA","Cundinamarca",707,1059,1820,670,264,285,10,212,8519,5027
"GACHETA","Cundinamarca",278,2205,386,565,109,200,34,83,9198,3860
"GAMA","Cundinamarca",61,651,222,226,25,44,8,25,3045,1262
"GIRARDOT","Cundinamarca",4560,10141,5638,8884,2314,1903,58,1073,79200,34571
"GRANADA","Cundinamarca",312,1218,231,414,115,170,9,103,5442,2572
"GUACHETA","Cundinamarca",423,795,1175,537,206,348,17,169,8306,3670
"GUADUAS","Cundinamarca",641,3421,1161,1924,327,496,37,270,21444,8277
"GUASCA","Cundinamarca",694,1296,1499,567,232,329,15,118,9617,4750
"GUATAQUI","Cundinamarca",44,253,45,298,9,30,6,10,2086,695
"GUATAVITA","Cundinamarca",214,768,912,215,130,108,6,53,4747,2406
"GUAYABAL DE SIQUIMA","Cundinamarca",134,783,333,298,49,52,11,19,3524,1679
"GUAYABETAL","Cundinamarca",132,1381,287,240,50,75,15,51,4285,2231
"GUTIERREZ","Cundinamarca",39,1102,174,135,16,37,0,18,2631,1521
"JERUSALEN","Cundinamarca",39,533,56,261,11,21,4,6,2709,931
"JUNIN","Cundinamarca",157,1069,290,327,45,85,22,48,5483,2043
"LA CALERA","Cundinamarca",2522,1746,2247,1266,964,702,17,272,19108,9736
"LA MESA","Cundinamarca",956,3510,1307,2684,530,429,29,209,22404,9654
"LA PALMA","Cundinamarca",99,1051,155,1070,41,86,21,64,8665,2587
"LA PEÃA","Cundinamarca",50,1766,214,243,16,59,23,44,5503,2415
"LA VEGA","Cundinamarca",499,2251,770,1344,258,324,17,163,11652,5626
"LENGUAZAQUE","Cundinamarca",172,825,1937,189,57,100,6,56,6606,3342
"MACHETA","Cundinamarca",172,1035,477,355,109,115,3,53,6157,2319
"MADRID","Cundinamarca",4653,6688,8093,3478,2016,1816,50,1204,49707,27998
"MANTA","Cundinamarca",101,793,430,420,29,52,5,18,4020,1848
"MEDINA","Cundinamarca",115,1794,454,419,67,73,11,31,6728,2964
"MOSQUERA","Cundinamarca",5009,7199,6674,4612,2383,2069,51,968,51230,28965
"NARIÃO","Cundinamarca",73,247,129,317,19,24,9,12,2463,830
"NEMOCON","Cundinamarca",580,865,1592,822,321,238,9,172,8334,4599
"NILO","Cundinamarca",213,989,274,794,84,61,6,40,6149,2461
"NIMAIMA","Cundinamarca",44,857,145,287,30,45,8,23,3071,1439
"NOCAIMA","Cundinamarca",301,950,300,419,99,126,5,52,5135,2252
"PACHO","Cundinamarca",473,3449,1723,2220,263,442,23,246,19875,8839
"PAIME","Cundinamarca",62,710,99,710,13,30,15,9,4433,1648
"PANDI","Cundinamarca",158,583,269,469,46,47,4,31,4012,1607
"PARATEBUENO (LA NAGUAYA)","Cundinamarca",170,1889,384,705,74,102,15,95,6905,3434
"PASCA","Cundinamarca",893,772,494,555,105,105,8,81,7051,3013
"PUERTO SALGAR","Cundinamarca",675,1840,573,1154,192,213,21,246,13044,4914
"PULI","Cundinamarca",35,667,86,242,21,26,3,15,2817,1095
"QUEBRADANEGRA","Cundinamarca",70,1146,241,245,31,78,8,31,3891,1850
"QUETAME","Cundinamarca",314,1161,587,237,56,122,9,47,5261,2533
"QUIPILE","Cundinamarca",124,1467,180,382,36,52,27,46,6084,2314
"RICAURTE","Cundinamarca",334,1288,435,1673,188,197,10,86,9961,4211
"SAN ANTONIO DEL TEQUENDAMA","Cundinamarca",397,1232,540,882,209,132,4,90,8190,3486
"SAN BERNARDO","Cundinamarca",290,1399,595,612,54,102,7,69,7614,3128
"SAN CAYETANO","Cundinamarca",83,668,185,324,14,31,10,18,4348,1333
"SAN FRANCISCO","Cundinamarca",254,1828,552,528,228,210,12,62,7842,3674
"SAN JUAN DE RIOSECO","Cundinamarca",284,1587,219,1013,96,138,23,91,8876,3451
"SASAIMA","Cundinamarca",262,1601,786,702,118,139,10,89,8417,3707
"SESQUILE","Cundinamarca",599,753,1441,416,198,243,11,162,7304,3823
"SIBATE","Cundinamarca",2087,2856,2908,1409,749,677,22,471,22986,11179
"SILVANIA","Cundinamarca",769,3551,769,1388,270,253,29,144,16048,7173
"SIMIJACA","Cundinamarca",337,1049,1523,562,191,163,14,135,8220,3974
"SOACHA","Cundinamarca",19386,22469,18607,18055,6952,6192,166,3325,190969,95152
"SOPO","Cundinamarca",1410,1499,2996,1451,1055,684,16,263,14970,9374
"SUBACHOQUE","Cundinamarca",517,2305,1793,656,433,390,15,223,10630,6332
"SUESCA","Cundinamarca",920,556,2161,751,266,282,5,213,9435,5154
"SUPATA","Cundinamarca",125,873,384,205,49,59,5,35,4176,1735
"SUSA","Cundinamarca",168,373,1241,225,70,75,11,46,5052,2209
"SUTATAUSA","Cundinamarca",210,541,794,155,93,109,10,78,3679,1990
"TABIO","Cundinamarca",1306,1867,2169,1095,731,567,9,208,13814,7952
"TAUSA","Cundinamarca",179,785,1475,162,68,105,8,87,5527,2869
"TENA","Cundinamarca",231,961,354,736,112,79,6,30,6050,2509
"TENJO","Cundinamarca",1008,2066,1756,1202,766,578,10,230,13067,7616
"TIBACUY","Cundinamarca",163,751,137,401,33,29,11,23,3638,1548
"TIBIRITA","Cundinamarca",67,320,230,249,51,74,14,24,3033,1029
"TOCAIMA","Cundinamarca",384,2092,516,1774,145,207,17,114,12777,5249
"TOCANCIPA","Cundinamarca",1797,2898,5132,1656,765,749,32,473,21852,13502
"TOPAIPI","Cundinamarca",44,749,96,665,8,31,9,21,4084,1623
"UBALA","Cundinamarca",219,979,629,686,32,52,14,60,8421,2671
"UBAQUE","Cundinamarca",311,1139,457,381,71,118,8,92,5478,2577
"UBATE","Cundinamarca",1469,2308,6385,975,779,1149,32,365,28883,13462
"UNE","Cundinamarca",302,1450,267,459,110,143,13,83,6049,2827
"UTICA","Cundinamarca",52,1271,175,389,26,32,9,23,4587,1977
"VENECIA","Cundinamarca",161,508,133,272,25,63,7,24,3438,1193
"VERGARA","Cundinamarca",87,1502,233,478,50,65,30,51,7002,2496
"VIANI","Cundinamarca",110,787,151,400,31,57,8,23,3810,1567
"VILLAGOMEZ","Cundinamarca",49,255,131,277,15,16,5,10,1895,758
"VILLAPINZON","Cundinamarca",696,2279,2564,439,311,363,17,158,12299,6827
"VILLETA","Cundinamarca",606,5145,1286,1606,350,450,28,207,21096,9678
"VIOTA","Cundinamarca",456,2154,242,1038,83,77,23,54,9915,4127
"YACOPI","Cundinamarca",95,1879,112,1005,60,90,34,77,11480,3352
"ZIPACON","Cundinamarca",181,703,462,542,84,94,5,60,3821,2131
"ZIPAQUIRA","Cundinamarca",9116,6351,11363,6214,4513,3260,47,1409,76180,42273
"BARRANCO MINAS","Guainía",49,51,32,204,26,12,4,6,1899,384
"CACAHUAL","Guainía",0,2,1,15,1,1,0,0,305,20
"INIRIDA","Guainía",392,1755,571,2269,258,148,19,60,16907,5472
"LA GUADALUPE","Guainía",1,12,0,11,8,0,0,0,133,32
"MAPIRIPANA","Guainía",23,11,4,19,2,3,1,0,583,63
"MORICHAL (MORICHAL NUEVO)","Guainía",0,0,0,0,0,0,0,0,159,0
"PANA PANA (CAMPO ALEGRE)","Guainía",0,5,0,16,0,0,0,1,288,22
"PUERTO COLOMBIA","Guainía",0,0,0,0,0,0,0,0,981,0
"SAN FELIPE","Guainía",0,0,0,0,0,0,0,0,678,0
"CALAMAR","Guaviare",116,232,117,1016,31,74,12,20,4913,1618
"EL RETORNO","Guaviare",82,1162,223,1770,49,124,6,45,9125,3461
"MIRAFLORES","Guaviare",41,65,76,584,16,40,6,15,4165,843
"SAN JOSE DEL GUAVIARE","Guaviare",726,5167,1473,3236,681,681,147,288,34915,12399
"ACEVEDO","Huila",526,7277,530,280,108,103,36,98,17268,8958
"AGRADO","Huila",224,905,815,466,69,123,15,66,6159,2683
"AIPE","Huila",682,1983,548,981,303,202,26,83,14586,4808
"ALGECIRAS","Huila",535,1929,277,1284,181,151,33,108,13530,4498
"ALTAMIRA","Huila",152,441,185,166,30,54,4,27,2840,1059
"BARAYA","Huila",327,768,153,340,75,58,11,54,5895,1786
"CAMPOALEGRE","Huila",1340,3349,895,1622,511,436,33,413,23580,8599
"COLOMBIA","Huila",215,1382,251,394,70,61,14,26,6505,2413
"ELIAS","Huila",95,838,215,88,55,21,12,15,2833,1339
"GARZON","Huila",2877,8486,3745,1446,1257,1108,76,488,49043,19483
"GIGANTE","Huila",1037,3661,852,676,268,341,32,211,17892,7078
"GUADALUPE","Huila",476,2956,773,271,261,105,17,89,11555,4948
"HOBO","Huila",249,984,267,227,84,106,11,44,5315,1972
"IQUIRA","Huila",572,1117,504,356,158,107,19,56,6523,2889
"ISNOS","Huila",1313,4684,1130,693,321,226,38,144,17129,8549
"LA ARGENTINA (PLATA VIEJA)","Huila",1162,1404,643,198,144,67,14,56,9408,3688
"LA PLATA","Huila",2230,7752,2315,1264,567,444,71,368,38306,15011
"NATAGA","Huila",181,1058,274,169,71,62,19,43,4158,1877
"NEIVA","Huila",23483,29909,14449,14631,10233,4616,555,2054,238445,99930
"OPORAPA","Huila",231,3166,313,113,62,43,7,45,6993,3980
"PAICOL","Huila",104,1065,535,106,73,43,5,27,4513,1958
"PALERMO","Huila",1272,2902,1389,796,459,213,19,115,19861,7165
"PALESTINA","Huila",309,2458,420,181,118,101,14,70,8081,3671
"PITAL","Huila",568,1564,1070,217,150,89,12,54,8872,3724
"PITALITO","Huila",5665,19724,4214,2225,1771,784,102,570,81905,35055
"RIVERA","Huila",1123,1860,883,1035,367,245,19,221,15448,5753
"SALADOBLANCO","Huila",235,3513,214,153,76,58,28,29,8039,4306
"SAN AGUSTIN","Huila",1927,5173,1055,923,310,427,274,149,22119,10238
"SANTA MARIA","Huila",228,2599,432,189,126,61,108,42,7516,3785
"SUAZA","Huila",538,2930,501,308,136,90,16,72,10859,4591
"TARQUI","Huila",504,2374,1027,257,231,244,22,76,10994,4735
"TELLO","Huila",412,1603,256,656,149,119,24,91,10483,3310
"TERUEL","Huila",176,1505,322,173,114,91,5,33,6228,2419
"TESALIA (CARNICERIAS)","Huila",302,1680,674,165,126,107,10,94,7520,3158
"TIMANA","Huila",596,3987,1006,490,200,171,27,114,14480,6591
"VILLAVIEJA","Huila",448,705,276,654,78,96,10,65,6423,2332
"YAGUARA","Huila",597,880,601,262,224,158,8,87,6551,2817
"ALBANIA","Guajira",803,1134,557,1334,401,166,25,98,15674,4518
"BARRANCAS","Guajira",690,1670,478,3308,432,196,18,93,23135,6885
"DIBULLA","Guajira",424,1033,309,3733,176,82,15,51,20295,5823
"DISTRACCION","Guajira",281,698,194,1270,73,79,6,46,7739,2647
"EL MOLINO","Guajira",97,471,108,1990,56,50,2,23,6331,2797
"FONSECA","Guajira",1182,1476,513,5113,324,257,16,127,23839,9008
"HATONUEVO","Guajira",452,696,382,2472,487,115,17,50,12872,4671
"LA JAGUA DEL PILAR","Guajira",72,317,40,1002,26,22,0,22,3655,1501
"MAICAO","Guajira",2855,5010,2340,8261,881,709,54,287,109613,20397
"MANAURE","Guajira",416,1071,495,2249,224,84,34,81,50470,4654
"RIOHACHA","Guajira",3685,6159,2517,15014,1760,1291,488,446,100254,31360
"SAN JUAN DEL CESAR","Guajira",715,4369,652,2743,494,341,87,147,29492,9548
"URIBIA","Guajira",468,1566,596,3195,596,133,57,190,87532,6801
"URUMITA","Guajira",281,698,253,1452,196,90,2,31,7696,3003
"VILLANUEVA","Guajira",453,1616,274,3133,192,144,7,67,16974,5886
"ALGARROBO","Magdalena",132,702,213,2169,37,59,10,49,8874,3371
"ARACATACA","Magdalena",688,1696,451,3220,191,227,21,70,26809,6564
"ARIGUANI (EL DIFICIL)","Magdalena",229,1901,317,3458,132,183,31,57,20834,6308
"CERRO DE SAN ANTONIO","Magdalena",50,288,28,2455,17,21,12,11,7978,2882
"CHIVOLO","Magdalena",126,1297,65,1670,30,34,8,29,12327,3259
"CIENAGA","Magdalena",3223,5913,1848,7576,659,745,45,326,76163,20335
"CONCORDIA","Magdalena",53,414,75,3050,28,18,16,17,10252,3671
"EL BANCO","Magdalena",896,4646,720,7033,358,247,32,173,44049,14105
"EL PIÃON","Magdalena",71,705,118,3334,15,61,12,29,12509,4345
"EL RETEN","Magdalena",158,542,108,2744,38,53,6,34,11818,3683
"FUNDACION","Magdalena",662,5813,701,4990,413,582,29,171,47620,13361
"GUAMAL","Magdalena",329,1038,544,3101,170,67,9,49,21463,5307
"NUEVA GRANADA","Magdalena",75,2083,114,2291,52,69,19,53,13707,4756
"PEDRAZA","Magdalena",71,1014,37,1615,23,14,4,25,8690,2803
"PIJIÃO DEL CARMEN","Magdalena",231,1039,111,1220,40,41,9,15,7592,2706
"PIVIJAY","Magdalena",304,936,207,6716,107,186,21,99,27784,8576
"PLATO","Magdalena",646,3588,521,7301,151,276,26,167,36776,12676
"PUEBLOVIEJO","Magdalena",353,1152,353,2992,64,81,18,58,20024,5071
"REMOLINO","Magdalena",48,290,29,2361,10,23,13,20,7011,2794
"SABANAS DE SAN ANGEL","Magdalena",34,1218,121,2549,34,38,13,37,9933,4044
"SALAMINA","Magdalena",40,663,82,1432,23,49,15,24,7246,2328
"SAN SEBASTIAN DE BUENAVISTA","Magdalena",575,1112,154,3223,74,50,12,36,14956,5236
"SAN ZENON","Magdalena",153,393,81,2772,27,26,8,26,7616,3486
"SANTA ANA","Magdalena",192,2086,179,2264,99,90,18,39,14471,4967
"SANTA BARBARA DE PINTO","Magdalena",40,657,68,2393,31,35,11,25,7668,3260
"SANTA MARTA","Magdalena",14870,23660,10821,36729,5733,4349,238,1616,297561,98016
"SITIONUEVO","Magdalena",174,660,199,3235,50,70,19,43,17715,4450
"TENERIFE","Magdalena",148,518,89,2640,39,38,8,27,9616,3507
"ZAPAYAN","Magdalena",35,1021,51,1515,30,12,3,52,7518,2719
"ZONA BANANERA (SEVILLA)","Magdalena",1141,2470,774,5285,230,262,34,190,40922,10386
"ACACIAS","Meta",3162,13585,6327,3239,1599,1379,98,1518,51288,30907
"BARRANCA DE UPIA","Meta",145,871,246,432,69,70,10,54,4104,1897
"CABUYARO","Meta",64,957,120,396,33,62,6,27,4409,1665
"CASTILLA LA NUEVA","Meta",470,2704,1617,845,313,291,10,339,9488,6589
"CUBARRAL","Meta",94,1438,515,292,58,60,6,40,4854,2503
"CUMARAL","Meta",783,3382,1534,968,305,293,19,166,14598,7450
"EL CALVARIO","Meta",30,544,63,117,17,14,5,4,1638,794
"EL CASTILLO","Meta",298,683,193,610,38,57,11,42,5199,1932
"EL DORADO","Meta",47,853,279,251,27,36,7,22,2754,1522
"FUENTE DE ORO","Meta",339,2045,359,1074,114,174,14,122,9093,4241
"GRANADA","Meta",2068,10012,1761,4652,971,952,79,592,44337,21087
"GUAMAL","Meta",388,3306,1065,688,201,226,12,96,9768,5982
"LA MACARENA","Meta",321,632,335,895,47,136,18,36,7314,2420
"LEJANIAS","Meta",233,1797,216,945,59,123,16,94,7592,3483
"MAPIRIPAN","Meta",60,617,99,377,24,51,6,39,5681,1273
"MESETAS","Meta",297,1059,217,792,67,109,26,64,7259,2631
"PUERTO CONCORDIA","Meta",91,790,97,742,43,67,10,42,5584,1882
"PUERTO GAITAN","Meta",635,2636,797,1301,332,359,36,287,18493,6383
"PUERTO LLERAS","Meta",134,1418,202,702,74,103,16,53,6119,2702
"PUERTO LOPEZ","Meta",849,5132,1114,1594,405,285,39,220,21536,9638
"PUERTO RICO","Meta",254,1617,230,758,56,116,28,72,7930,3131
"RESTREPO","Meta",518,2395,1232,669,330,220,7,99,14568,5470
"SAN CARLOS DE GUAROA","Meta",252,2002,414,689,124,138,15,92,7191,3726
"SAN JUAN DE ARAMA","Meta",138,1164,137,788,48,97,17,56,5654,2445
"SAN JUANITO","Meta",25,405,59,79,9,41,1,7,1234,626
"SAN MARTIN DE LOS LLANOS","Meta",803,3956,1502,1547,380,443,37,300,17012,8968
"URIBE","Meta",591,119,44,601,26,39,8,45,4222,1473
"VILLAVICENCIO","Meta",24077,56530,28923,20174,11479,6627,222,3301,307107,151333
"VISTA HERMOSA","Meta",310,2495,430,1425,101,315,34,155,10932,5265
"ALBAN (SAN JOSE)","Nariño",216,2358,136,338,90,77,20,43,6160,3278
"ALDANA","Nariño",500,431,405,789,151,83,24,51,5477,2434
"ANCUYA","Nariño",351,363,235,1249,70,87,41,25,7258,2421
"ARBOLEDA (BERRUECOS)","Nariño",177,1316,156,384,62,89,101,37,5398,2322
"BARBACOAS","Nariño",138,321,126,998,45,68,13,40,20336,1749
"BELEN","Nariño",264,576,274,816,98,131,11,11,5071,2181
"BUESACO","Nariño",519,2621,679,1850,180,195,48,102,16112,6194
"CHACHAGUI","Nariño",496,786,505,1719,161,126,11,65,9102,3869
"COLON (GENOVA)","Nariño",427,710,184,535,100,116,18,47,6404,2137
"CONSACA","Nariño",335,919,330,1564,99,157,21,42,8352,3467
"CONTADERO","Nariño",917,528,201,284,102,58,12,21,5384,2123
"CORDOBA","Nariño",1228,371,595,778,189,130,26,64,9592,3381
"CUASPUD (CARLOSAMA)","Nariño",386,538,470,799,196,167,30,55,6789,2641
"CUMBAL","Nariño",945,1401,995,3813,571,272,44,113,22230,8154
"CUMBITARA","Nariño",170,65,130,1573,48,75,9,27,5839,2097
"EL CHARCO","Nariño",117,140,112,1660,38,47,9,56,14377,2179
"EL PEÃOL","Nariño",180,198,117,1751,59,62,6,28,5141,2401
"EL ROSARIO","Nariño",121,129,82,1723,24,33,2,14,6489,2128
"EL TABLON","Nariño",186,1409,131,1117,92,89,7,27,10315,3058
"EL TAMBO","Nariño",623,802,500,2402,204,158,29,110,10875,4828
"FRANCISCO PIZARRO (SALAHONDA)","Nariño",44,103,28,1439,15,25,12,25,5950,1691
"FUNES","Nariño",136,415,210,1708,73,78,9,31,5282,2660
"GUACHUCAL","Nariño",490,738,499,2383,242,221,39,89,13509,4701
"GUAITARILLA","Nariño",369,458,415,1560,136,137,43,64,10442,3182
"GUALMATAN","Nariño",903,363,406,226,153,219,12,47,4840,2329
"ILES","Nariño",366,438,302,713,255,71,24,54,6646,2223
"IMUES","Nariño",228,571,409,843,132,96,22,40,6155,2341
"IPIALES","Nariño",6147,5051,4806,4956,4452,1363,141,760,86661,27676
"LA CRUZ","Nariño",671,2230,372,1923,153,234,25,69,12866,5677
"LA FLORIDA","Nariño",528,551,168,1504,64,74,16,34,8851,2939
"LA LLANADA","Nariño",113,157,69,940,25,84,2,18,3114,1408
"LA TOLA","Nariño",188,44,36,914,17,13,4,23,4781,1239
"LA UNION","Nariño",1071,3563,609,1307,289,344,33,119,20526,7335
"LEIVA","Nariño",204,146,85,1768,38,47,9,15,6978,2312
"LINARES","Nariño",278,252,127,3093,54,116,16,35,8335,3971
"LOS ANDES (SOTOMAYOR)","Nariño",368,248,307,1897,91,122,14,37,6755,3084
"MAGUI (PAYAN)","Nariño",116,121,46,1112,14,44,7,17,6033,1477
"MALLAMA (PIEDRANCHA)","Nariño",322,160,144,1053,67,62,9,18,5734,1835
"MOSQUERA","Nariño",723,88,63,1127,15,34,10,35,5550,2095
"NARIÃO","Nariño",185,284,149,1218,55,56,5,32,4024,1984
"OLAYA HERRERA","Nariño",220,278,136,3129,42,65,34,85,12534,3989
"OSPINA","Nariño",156,486,204,1002,83,112,23,33,5472,2099
"PASTO","Nariño",28237,17996,14302,40785,8520,5495,240,2524,266450,118099
"POLICARPA","Nariño",149,99,55,2828,47,43,14,30,9176,3265
"POTOSI","Nariño",920,612,564,677,214,97,12,42,9206,3138
"PROVIDENCIA","Nariño",117,58,127,1254,37,56,13,24,4069,1686
"PUERRES","Nariño",609,541,505,1065,140,210,17,61,7341,3148
"PUPIALES","Nariño",1778,932,1231,685,533,252,40,184,13807,5635
"RICAURTE","Nariño",335,327,155,720,66,71,13,45,12081,1732
"ROBERTO PAYAN (SAN JOSE)","Nariño",54,98,30,1357,20,19,7,14,8074,1599
"SAMANIEGO","Nariño",771,393,200,6050,142,188,22,95,21532,7861
"SAN BERNARDO","Nariño",213,1633,132,730,110,111,21,30,5775,2980
"SAN LORENZO","Nariño",535,1044,340,1565,140,160,35,106,12227,3925
"SAN PABLO","Nariño",519,660,230,1819,94,137,23,77,11013,3559
"SAN PEDRO DE CARTAGO","Nariño",160,1158,98,347,82,47,12,21,4949,1925
"SANDONA","Nariño",694,918,414,4777,185,192,33,80,15441,7293
"SANTA BARBARA (ISCUANDE)","Nariño",433,97,21,654,19,13,4,25,6940,1266
"SANTACRUZ (GUACHAVES)","Nariño",162,121,59,1234,60,52,8,14,6393,1710
"SAPUYES","Nariño",248,380,214,691,162,57,17,41,5341,1810
"TAMINANGO","Nariño",625,395,753,2063,109,134,16,55,13277,4150
"TANGUA","Nariño",420,692,342,1719,152,123,18,69,9114,3535
"TUMACO","Nariño",1844,8602,2973,15422,863,1086,198,605,115142,31593
"TUQUERRES","Nariño",1895,1059,2161,3696,565,606,85,348,32670,10415
"YACUANQUER","Nariño",512,1002,332,1479,105,143,26,92,7682,3691
"ABREGO","NortedeSantander",374,3318,441,1557,166,215,19,99,19949,6189
"ARBOLEDAS","NortedeSantander",112,1246,426,1164,28,53,21,71,6483,3121
"BOCHALEMA","NortedeSantander",135,1059,319,1183,50,137,19,82,5751,2984
"BUCARASICA","NortedeSantander",55,815,257,275,28,52,10,47,4178,1539
"CACHIRA","NortedeSantander",122,2104,328,316,40,43,9,42,6850,3004
"CACOTA","NortedeSantander",32,408,93,237,33,33,5,15,2079,856
"CHINACOTA","NortedeSantander",411,1586,1797,1069,292,271,14,176,10960,5616
"CHITAGA","NortedeSantander",162,1965,241,577,76,121,29,107,7275,3278
"CONVENCION","NortedeSantander",553,618,361,861,131,130,16,72,14990,2742
"CUCUTA","NortedeSantander",16795,51492,41467,54340,15965,11020,407,5276,505374,196762
"CUCUTILLA","NortedeSantander",69,820,911,854,38,60,17,70,5945,2839
"DURANIA","NortedeSantander",111,425,129,1196,35,57,9,54,4245,2016
"EL CARMEN","NortedeSantander",220,984,71,1315,64,61,14,64,9740,2793
"EL TARRA","NortedeSantander",695,72,92,912,37,57,6,44,9103,1915
"EL ZULIA","NortedeSantander",390,2203,1326,2258,299,303,49,172,19070,7000
"GRAMALOTE","NortedeSantander",38,903,387,800,34,72,21,37,4729,2292
"HACARI","NortedeSantander",567,87,73,422,39,72,41,36,6370,1337
"HERRAN","NortedeSantander",25,476,220,346,42,39,15,22,3270,1185
"LA ESPERANZA","NortedeSantander",161,1302,451,666,43,56,25,73,7876,2777
"LA PLAYA","NortedeSantander",107,588,206,479,38,75,10,46,6562,1549
"LABATECA","NortedeSantander",109,754,239,481,15,52,14,43,4719,1707
"LOS PATIOS","NortedeSantander",2112,8036,5373,6361,1967,1392,45,721,74525,26007
"LOURDES","NortedeSantander",25,724,225,224,19,58,3,24,3120,1302
"MUTISCUA","NortedeSantander",54,551,320,193,29,42,16,24,2626,1229
"OCAÃA","NortedeSantander",3610,7773,3826,5105,1750,1199,694,539,71961,24496
"PAMPLONA","NortedeSantander",3461,5437,4605,2496,1398,1078,70,639,41439,19184
"PAMPLONITA","NortedeSantander",54,534,783,300,31,75,21,68,3617,1866
"PUERTO SANTANDER","NortedeSantander",100,1574,238,1224,25,59,27,65,11393,3312
"RAGONVALIA","NortedeSantander",66,771,371,576,49,69,9,38,5875,1949
"SALAZAR","NortedeSantander",130,893,992,1012,91,111,24,78,7509,3331
"SAN CALIXTO","NortedeSantander",933,41,29,423,17,62,8,33,6704,1546
"SAN CAYETANO","NortedeSantander",150,745,297,889,71,96,6,58,6409,2312
"SANTIAGO","NortedeSantander",46,402,392,666,19,44,6,11,3231,1586
"SARDINATA","NortedeSantander",201,2561,991,1193,138,200,46,177,16809,5507
"SILOS","NortedeSantander",34,1135,98,188,34,52,12,40,3874,1593
"TEORAMA","NortedeSantander",933,153,168,514,21,57,6,33,8328,1885
"TIBU","NortedeSantander",1090,1277,1703,2962,277,310,44,206,28248,7869
"TOLEDO","NortedeSantander",207,2226,1294,748,95,206,54,165,11851,4995
"VILLA CARO","NortedeSantander",60,861,161,220,27,20,17,22,3596,1388
"VILLA DEL ROSARIO","NortedeSantander",1651,8903,3851,8553,1658,1209,62,673,74615,26560
"COLON","Putumayo",251,356,430,668,40,63,8,10,3985,1826
"MOCOA","Putumayo",2258,2363,3079,3653,805,589,36,157,32512,12940
"ORITO","Putumayo",1827,711,668,3304,579,245,40,153,24004,7527
"PUERTO ASIS","Putumayo",1538,2303,2639,3404,589,550,40,254,37843,11317
"PUERTO CAICEDO","Putumayo",326,190,489,1393,76,118,19,36,8272,2647
"PUERTO GUZMAN","Putumayo",413,620,424,674,89,189,23,41,10298,2473
"PUERTO LEGUIZAMO","Putumayo",330,1208,415,881,135,108,22,71,13346,3170
"SAN FRANCISCO","Putumayo",236,363,499,674,64,73,12,16,4485,1937
"SAN MIGUEL (LA DORADA)","Putumayo",380,145,247,2003,141,80,17,45,10804,3058
"SANTIAGO","Putumayo",216,240,528,733,66,41,15,13,5657,1852
"SIBUNDOY","Putumayo",932,682,899,1212,174,155,8,42,9846,4104
"VALLE DEL GUAMUEZ (LA HORMIGA)","Putumayo",1014,393,397,4940,244,211,31,105,21666,7335
"VILLAGARZON","Putumayo",746,1235,1236,1153,157,176,26,97,14140,4826
"ARMENIA","Quindío",15093,27648,17736,23552,14240,8228,414,3302,236387,110213
"BUENAVISTA","Quindío",93,290,244,400,160,54,11,28,2786,1280
"CALARCA","Quindío",2849,8636,3993,5582,2274,1686,108,986,55831,26114
"CIRCASIA","Quindío",1019,3331,1689,2556,854,627,54,326,21111,10456
"CORDOBA","Quindío",188,715,171,759,213,88,26,114,4815,2274
"FILANDIA","Quindío",394,1200,924,1065,600,253,30,169,9842,4635
"GENOVA","Quindío",286,1153,534,819,123,107,22,92,7107,3136
"LA TEBAIDA","Quindío",1796,3581,1581,3141,936,640,256,612,26127,12543
"MONTENEGRO","Quindío",1304,4505,1867,3727,948,797,94,736,31843,13978
"PIJAO","Quindío",234,1074,560,649,85,94,22,67,5976,2785
"QUIMBAYA","Quindío",1481,3146,2046,3580,777,663,65,472,28768,12230
"SALENTO","Quindío",213,1070,281,568,259,153,9,64,5478,2617
"APIA","Risaralda",306,1911,1328,720,143,198,35,146,10259,4787
"BALBOA","Risaralda",114,1040,250,728,89,141,17,73,5409,2452
"BELEN DE UMBRIA","Risaralda",734,4182,2409,780,301,337,46,257,20783,9046
"DOSQUEBRADAS","Risaralda",8812,18718,14817,13390,6504,4697,251,2476,141950,69665
"GUATICA","Risaralda",252,2478,912,458,135,192,38,119,10134,4584
"LA CELIA","Risaralda",202,1141,893,387,81,104,25,96,6287,2929
"LA VIRGINIA","Risaralda",1610,3400,2682,3239,626,727,62,436,29774,12782
"MARSELLA","Risaralda",457,2653,1550,1070,256,310,50,205,15270,6551
"MISTRATO","Risaralda",400,1251,965,930,73,116,45,147,10418,3927
"PEREIRA","Risaralda",24768,47791,34409,33485,19315,11383,644,5362,377378,177157
"PUEBLO RICO","Risaralda",139,779,570,1158,62,78,34,61,8310,2881
"QUINCHIA","Risaralda",1677,2259,616,2410,408,514,112,476,19061,8472
"SANTA ROSA DE CABAL","Risaralda",3327,8182,7499,4142,2178,1615,136,776,56234,27855
"SANTUARIO","Risaralda",316,1853,1501,861,216,181,47,145,12223,5120
"PROVIDENCIA","SanAndrés",29,324,23,570,71,60,9,5,3876,1091
"SAN ANDRES","SanAndrés",672,2296,556,2664,733,538,18,104,41767,7581
"AGUADA","Santander",16,293,60,118,20,18,1,3,1436,529
"ALBANIA","Santander",46,460,388,334,22,32,11,25,3308,1318
"ARATOCA","Santander",186,1014,262,658,59,119,16,57,6190,2371
"BARBOSA","Santander",1358,2618,1301,2700,409,538,20,332,22974,9276
"BARICHARA","Santander",228,861,505,486,118,160,14,81,6110,2453
"BARRANCABERMEJA","Santander",22088,10746,9125,20027,3848,2912,124,1765,155058,70635
"BETULIA","Santander",185,558,280,438,61,92,10,45,3871,1669
"BOLIVAR","Santander",187,1170,286,1371,56,132,24,88,8586,3314
"BUCARAMANGA","Santander",36688,48652,36395,51945,20053,13320,285,3929,475132,211267
"CABRERA","Santander",12,346,109,199,12,16,3,5,1607,702
"CALIFORNIA","Santander",31,443,107,54,31,61,13,24,1573,764
"CAPITANEJO","Santander",48,1050,438,265,30,38,4,52,4833,1925
"CARCASI","Santander",37,934,135,373,44,54,14,23,3644,1614
"CEPITA","Santander",22,406,44,324,7,26,4,10,1800,843
"CERRITO","Santander",152,791,198,763,65,87,14,58,4499,2128
"CHARALA","Santander",300,675,428,2474,93,192,24,63,9582,4249
"CHARTA","Santander",69,961,180,404,29,43,6,8,3334,1700
"CHIMA","Santander",18,355,87,310,13,50,12,25,2348,870
"CHIPATA","Santander",57,227,76,1055,21,67,8,32,4104,1543
"CIMITARRA","Santander",1134,3348,1001,2644,370,443,214,487,26172,9641
"CONCEPCION","Santander",92,919,112,784,58,95,6,31,4786,2097
"CONFINES","Santander",51,389,247,189,17,41,5,23,2267,962
"CONTRATACION","Santander",77,299,329,473,24,74,14,29,2770,1319
"COROMORO","Santander",101,627,185,509,34,93,18,52,4047,1619
"CURITI","Santander",242,1461,602,925,149,168,14,86,8001,3647
"EL CARMEN","Santander",149,2825,668,876,85,172,39,131,10423,4945
"EL GUACAMAYO","Santander",20,344,85,215,12,24,3,17,1584,720
"EL PEÃON","Santander",73,414,46,692,34,44,14,26,3174,1343
"EL PLAYON","Santander",191,1918,756,1235,82,128,34,150,11266,4494
"ENCINO","Santander",29,246,199,358,9,27,9,10,2040,887
"ENCISO","Santander",84,396,307,454,45,57,2,23,3198,1368
"FLORIAN","Santander",69,407,81,1058,31,52,7,13,4965,1718
"FLORIDABLANCA","Santander",13567,18880,18806,18015,6674,4950,157,1666,168816,82715
"GALAN","Santander",36,610,186,179,32,40,8,19,2471,1110
"GAMBITA","Santander",34,428,170,621,19,57,10,32,3193,1371
"GIRON","Santander",7254,11370,9526,10281,2792,2731,81,931,97590,44966
"GUACA","Santander",43,844,334,471,42,60,9,34,5171,1837
"GUADALUPE","Santander",92,630,851,240,29,41,4,38,4204,1925
"GUAPOTA","Santander",41,213,231,221,15,25,5,28,1842,779
"GUAVATA","Santander",77,299,298,697,28,76,9,32,4446,1516
"GUEPSA","Santander",152,281,188,759,27,92,5,31,4027,1535
"HATO","Santander",57,180,88,440,15,40,9,34,1784,863
"JESUS MARIA","Santander",50,323,292,350,15,56,5,20,3152,1111
"JORDAN","Santander",17,146,229,33,20,11,2,5,1018,463
"LA BELLEZA","Santander",62,1224,309,370,42,69,11,5,5182,2092
"LA PAZ","Santander",61,423,282,402,10,52,10,14,4077,1254
"LANDAZURI","Santander",210,1069,221,1270,58,155,25,130,9218,3138
"LEBRIJA","Santander",959,5596,1801,3159,604,665,32,342,28034,13158
"LOS SANTOS","Santander",265,971,614,1146,191,190,22,115,8179,3514
"MACARAVITA","Santander",15,522,136,155,6,14,5,4,2189,857
"MALAGA","Santander",706,2690,1766,1219,282,343,18,165,14869,7189
"MATANZA","Santander",104,1265,351,411,50,83,18,35,4847,2317
"MOGOTES","Santander",181,1122,550,660,124,190,19,177,7339,3023
"MOLAGAVITA","Santander",26,926,236,154,34,37,6,26,3571,1445
"OCAMONTE","Santander",67,663,187,501,40,67,7,29,3677,1561
"OIBA","Santander",354,1208,750,777,101,184,15,139,8124,3528
"ONZAGA","Santander",84,397,456,307,21,69,55,40,3793,1429
"PALMAR","Santander",25,123,55,307,16,12,1,7,1308,546
"PALMAS DEL SOCORRO","Santander",47,344,299,254,27,19,4,18,2412,1012
"PARAMO","Santander",94,491,305,279,61,97,6,34,2977,1367
"PIEDECUESTA","Santander",7182,11677,9301,9787,2912,2491,114,1271,93023,44735
"PINCHOTE","Santander",118,489,209,309,67,66,4,30,2917,1292
"PUENTE NACIONAL","Santander",426,1090,1162,1509,202,231,20,121,12323,4761
"PUERTO PARRA","Santander",108,727,125,445,106,73,16,57,5211,1657
"PUERTO WILCHES","Santander",1650,2268,1322,1926,331,258,24,163,22147,7942
"RIONEGRO","Santander",452,3636,977,2628,246,436,29,256,21094,8660
"SABANA DE TORRES","Santander",819,2773,1243,1970,274,238,36,159,19187,7512
"SAN ANDRES","Santander",162,1191,395,1042,65,84,16,55,6944,3010
"SAN BENITO","Santander",30,286,111,478,17,38,5,20,2933,985
"SAN GIL","Santander",3140,4231,3036,3241,1242,1161,39,408,37904,16498
"SAN JOAQUIN","Santander",40,262,164,267,15,43,9,18,2185,818
"SAN JOSE DE MIRANDA","Santander",84,786,448,213,35,50,8,21,3863,1645
"SAN MIGUEL","Santander",19,442,139,191,22,42,13,9,2093,877
"SAN VICENTE DE CHUCURI","Santander",1224,3685,1208,2094,305,538,43,313,24221,9410
"SANTA BARBARA","Santander",38,377,136,175,25,28,9,23,1853,811
"SANTA HELENA DEL OPON","Santander",26,479,135,359,12,213,3,21,2989,1248
"SIMACOTA","Santander",147,984,226,915,48,96,19,64,5705,2499
"SOCORRO","Santander",988,2577,2479,2960,433,555,20,224,22206,10236
"SUAITA","Santander",157,768,372,1349,82,173,11,93,8148,3005
"SUCRE","Santander",91,1208,278,459,28,74,19,37,5917,2194
"SURATA","Santander",65,693,165,374,29,35,15,33,2803,1409
"TONA","Santander",155,791,189,814,64,168,23,123,4873,2327
"VALLE DE SAN JOSE","Santander",188,663,396,498,62,88,9,35,4381,1939
"VELEZ","Santander",588,1528,908,2120,213,420,24,355,15968,6156
"VETAS","Santander",18,430,105,57,11,38,3,26,1430,688
"VILLANUEVA","Santander",224,965,664,486,153,98,10,37,6217,2637
"ZAPATOCA","Santander",234,935,755,510,105,167,8,66,7120,2780
"BUENAVISTA","Sucre",162,859,122,2534,69,99,9,21,9190,3875
"CAIMITO","Sucre",196,631,79,2841,24,64,10,31,8397,3876
"CHALAN","Sucre",74,950,88,731,25,20,10,18,4352,1916
"COLOSO (RICAURTE)","Sucre",63,1208,74,1320,48,53,22,26,6486,2814
"COROZAL","Sucre",2589,6042,857,6720,414,665,34,239,44135,17560
"COVEÃAS","Sucre",288,1470,331,1947,96,141,16,63,10050,4352
"EL ROBLE","Sucre",169,591,83,2033,26,90,19,21,7466,3032
"GALERAS (NUEVA GRANADA)","Sucre",304,2293,349,2709,100,181,19,49,15009,6004
"GUARANDA","Sucre",75,2458,114,1190,77,45,15,24,12014,3998
"LA UNION","Sucre",197,592,227,2171,55,86,12,14,9166,3354
"LOS PALMITOS","Sucre",545,1986,270,4599,117,160,23,88,16691,7788
"MAJAGUAL","Sucre",294,4392,288,4899,101,139,49,60,25071,10222
"MORROA","Sucre",499,1899,226,2247,113,196,21,46,12154,5247
"OVEJAS","Sucre",692,3412,195,4256,145,189,28,85,19495,9002
"PALMITO","Sucre",265,859,239,1792,60,58,12,31,9233,3316
"SAMPUES","Sucre",710,3176,569,7554,379,377,43,124,29234,12932
"SAN BENITO ABAD","Sucre",306,2590,204,3523,96,104,23,55,17776,6901
"SAN JUAN DE BETULIA (BETULIA)","Sucre",258,1499,186,2587,80,156,13,39,10833,4818
"SAN MARCOS","Sucre",513,4709,514,6243,290,442,56,126,40135,12893
"SAN ONOFRE","Sucre",1069,2464,348,7192,156,196,52,164,39570,11641
"SAN PEDRO","Sucre",422,2219,291,3614,138,297,40,72,15727,7093
"SINCE","Sucre",533,2736,618,4612,203,438,36,119,24765,9295
"SINCELEJO","Sucre",9148,25192,4220,22411,2582,3378,179,1057,184217,68167
"SUCRE","Sucre",162,3545,206,3440,85,90,25,46,19826,7599
"TOLU","Sucre",769,2570,499,4230,196,343,26,140,21937,8773
"TOLUVIEJO","Sucre",322,1778,251,4714,82,176,17,43,17338,7383
"ALPUJARRA","Tolima",43,1007,292,194,20,45,4,23,3585,1628
"ALVARADO","Tolima",211,897,229,1273,128,141,27,62,8110,2968
"AMBALEMA","Tolima",248,479,275,1334,72,100,8,80,6900,2596
"ANZOATEGUI","Tolima",154,1792,169,301,58,79,19,53,7114,2625
"ARMERO (GUAYABAL)","Tolima",509,1244,455,1392,124,105,10,119,9969,3958
"ATACO","Tolima",203,4333,269,842,97,106,39,74,14531,5963
"CAJAMARCA","Tolima",744,3656,767,761,327,414,43,246,15993,6958
"CARMEN DE APICALA","Tolima",233,1524,360,1449,88,183,8,86,8031,3931
"CASABIANCA","Tolima",93,1019,400,268,45,58,16,30,4763,1929
"CHAPARRAL","Tolima",863,6088,701,3522,350,504,62,259,36209,12349
"COELLO","Tolima",287,718,328,1170,112,98,14,49,7607,2776
"COYAIMA","Tolima",1015,1663,382,2072,102,123,56,150,16594,5563
"CUNDAY","Tolima",108,1503,390,553,34,115,9,26,7066,2738
"DOLORES","Tolima",156,1573,144,314,45,77,11,42,6440,2362
"ESPINAL","Tolima",2154,7550,4648,6160,1097,1350,67,667,55765,23693
"FALAN","Tolima",172,921,127,810,40,119,26,57,5684,2272
"FLANDES","Tolima",849,2512,1118,1812,222,307,20,181,16676,7021
"FRESNO","Tolima",774,4804,1692,1270,299,414,66,329,25411,9648
"GUAMO","Tolima",755,3358,3018,1770,254,290,56,215,25217,9716
"HERVEO","Tolima",182,1296,294,344,92,64,11,51,6014,2334
"HONDA","Tolima",1111,2555,1595,2608,389,428,29,325,22579,9040
"IBAGUE","Tolima",25262,62678,22654,28414,19247,11079,344,5592,370044,175270
"ICONONZO","Tolima",347,1144,216,1212,85,160,19,65,8175,3248
"LERIDA","Tolima",1213,1481,715,1771,179,224,17,124,14781,5724
"LIBANO","Tolima",1792,5255,1200,2593,547,498,77,477,32391,12439
"MARIQUITA","Tolima",1346,5312,1126,2827,583,680,64,511,27396,12449
"MELGAR","Tolima",652,5803,1962,2223,454,452,24,239,25379,11809
"MURILLO","Tolima",87,458,280,148,29,76,9,53,3676,1140
"NATAGAIMA","Tolima",1008,1535,542,1821,97,129,24,91,15328,5247
"ORTEGA","Tolima",721,3771,2109,2052,203,233,73,250,23501,9412
"PALOCABILDO","Tolima",306,1377,173,519,40,146,13,57,6967,2631
"PIEDRAS","Tolima",144,286,103,206,61,940,18,77,5387,1835
"PLANADAS","Tolima",518,2881,454,1288,256,279,57,184,18846,5917
"PRADO","Tolima",152,1594,223,884,55,86,16,70,7768,3080
"PURIFICACION","Tolima",1080,2217,1966,2328,241,283,34,238,19909,8387
"RIOBLANCO","Tolima",275,2170,255,1251,163,316,73,98,15251,4601
"RONCESVALLES","Tolima",115,854,158,226,59,82,13,29,3970,1536
"ROVIRA","Tolima",332,3032,966,815,165,193,119,104,18491,5726
"SALDAÃA","Tolima",671,1556,1452,553,227,187,21,147,12288,4814
"SAN ANTONIO","Tolima",154,2642,679,331,108,89,23,81,9834,4107
"SAN LUIS","Tolima",269,2059,532,1464,128,134,38,102,10808,4726
"SANTA ISABEL","Tolima",86,1138,365,310,23,52,7,26,5857,2007
"SUAREZ","Tolima",77,601,332,636,44,41,6,17,4357,1754
"VALLE DE SAN JUAN","Tolima",88,748,794,281,29,33,9,24,4967,2006
"VENADILLO","Tolima",342,1581,394,1614,124,178,24,121,11464,4378
"VILLAHERMOSA","Tolima",131,1860,317,243,66,78,19,64,7002,2778
"VILLARRICA","Tolima",99,1448,64,326,26,42,16,25,5106,2046
"ALCALA","Valle",338,1251,562,1357,315,162,24,158,10950,4167
"ANDALUCIA","Valle",1272,1129,2004,1794,337,392,120,198,19343,7246
"ANSERMANUEVO","Valle",595,2508,2243,849,241,230,95,150,19162,6911
"ARGELIA","Valle",83,626,700,841,41,40,15,29,6423,2375
"BOLIVAR","Valle",319,1425,1397,1017,157,181,12,81,13257,4589
"BUENAVENTURA","Valle",8232,7456,6505,31996,2503,2866,782,2590,207431,62930
"BUGA","Valle",6820,6898,7389,11962,4116,2745,92,1301,95582,41323
"BUGALAGRANDE","Valle",1780,1036,1411,2311,374,335,16,250,19210,7513
"CAICEDONIA","Valle",807,3229,4026,1794,673,476,150,399,28020,11554
"CALI","Valle",109571,97815,100014,128249,63681,35190,1103,11790,1549820,547413
"CALIMA (DARIEN)","Valle",764,1140,1053,1250,257,207,20,117,13672,4808
"CANDELARIA","Valle",5091,3326,4084,8368,1535,1466,69,1087,65386,25026
"CARTAGO","Valle",1961,3542,3565,2030,1045,805,57,487,108329,13492
"DAGUA","Valle",748,4627,1506,3821,377,440,73,224,33433,11816
"EL AGUILA","Valle",148,1210,1125,297,104,125,18,85,8191,3112
"EL CAIRO","Valle",134,674,490,793,121,87,19,35,6717,2353
"EL CERRITO","Valle",4419,2364,3609,5049,1174,877,210,525,51374,18227
"EL DOVIO","Valle",157,597,1246,1118,98,93,46,67,9688,3422
"FLORIDA","Valle",4318,2356,2921,4076,817,863,46,504,48039,15901
"GINEBRA","Valle",885,1273,1214,1766,556,326,17,195,15459,6232
"GUACARI","Valle",1944,1137,1374,4681,524,485,29,319,26635,10493
"JAMUNDI","Valle",4950,5397,4385,10252,2736,2005,68,974,91151,30767
"LA CUMBRE","Valle",464,1044,1075,1480,251,196,13,56,12307,4579
"LA UNION","Valle",1063,3152,4547,1270,596,622,51,433,25329,11734
"LA VICTORIA","Valle",430,1063,1555,889,136,185,14,136,11396,4408
"OBANDO","Valle",437,995,442,1927,209,227,30,148,11167,4415
"PALMIRA","Valle",18522,13394,13788,24611,8096,5144,333,2147,243441,86035
"PRADERA","Valle",2497,2673,1975,5093,731,814,217,482,38903,14482
"RESTREPO","Valle",331,1243,784,1465,242,271,23,118,14205,4477
"RIOFRIO","Valle",988,1178,2286,924,226,211,36,189,15959,6038
"ROLDANILLO","Valle",1164,2053,4823,2232,589,511,16,256,27445,11644
"SAN PEDRO","Valle",619,1151,950,1956,260,247,93,137,14446,5413
"SEVILLA","Valle",1836,3857,2219,3167,843,715,108,575,36736,13320
"TORO","Valle",231,1643,845,1078,196,156,28,125,12336,4302
"TRUJILLO","Valle",409,1873,2035,745,208,183,18,144,15397,5615
"TULUA","Valle",11424,13137,13002,12927,4458,3544,156,2054,147339,60702
"ULLOA","Valle",116,364,627,540,95,89,4,40,4658,1875
"VERSALLES","Valle",170,752,1341,550,83,72,19,73,7982,3060
"VIJES","Valle",360,564,2009,660,172,131,14,76,10112,3986
"YOTOCO","Valle",493,1021,826,2146,316,217,252,142,13655,5413
"YUMBO","Valle",8880,3955,5718,10597,2656,2199,895,1037,93764,35937
"ZARZAL","Valle",2355,1655,2703,3877,975,745,54,627,35812,12991
"BUENOS AIRES (PACOA)","Vaupés",4,5,8,30,23,2,0,0,990,72
"CARURU","Vaupés",15,55,23,250,6,11,2,4,1631,366
"MITU","Vaupés",330,656,262,2553,249,86,23,29,14724,4188
"MORICHAL (PAPUNAGUA)","Vaupés",0,0,0,23,0,0,0,0,113,23
"TARAIRA","Vaupés",9,67,11,126,9,6,0,0,1305,228
"YAVARATE","Vaupés",22,49,7,201,22,7,0,3,994,311
"CUMARIBO","Vichada",113,837,144,1482,76,74,22,50,18562,2798
"LA PRIMAVERA","Vichada",67,1912,78,567,55,69,6,26,7190,2780
"PUERTO CARREÃO","Vichada",351,1857,523,1704,215,160,13,62,15621,4885
"SANTA ROSALIA","Vichada",32,713,30,289,20,21,4,9,2893,1118
"AFRICA","Consulados",1,5,1,6,3,1,0,2,17,19
"ALEMANIA","Consulados",215,66,32,96,186,57,0,1,2852,653
"ANTIGUA Y BARBUDA","Consulados",0,0,0,0,0,0,0,0,8,0
"ARGENTINA","Consulados",884,243,109,246,451,288,2,18,5771,2241
"ARUBA","Consulados",76,355,67,122,64,33,3,2,2881,722
"AUSTRALIA","Consulados",242,225,68,158,459,169,1,0,3843,1322
"AUSTRIA","Consulados",50,21,5,40,47,20,0,1,513,184
"BELGICA","Consulados",116,73,20,81,109,27,0,3,1402,429
"BOLIVIA","Consulados",10,79,18,45,22,7,0,1,695,182
"BRASIL","Consulados",165,94,38,97,160,53,0,4,2047,611
"CANADA","Consulados",540,1234,226,641,1103,283,1,7,15466,4035
"CHILE","Consulados",223,321,84,198,325,129,0,9,4304,1289
"CHINA REPUBLICA POPULAR","Consulados",27,33,6,43,43,19,0,0,415,171
"CHIPRE","Consulados",0,0,0,0,0,0,0,0,42,0
"COREA DEL SUR","Consulados",7,4,2,12,10,2,0,0,97,37
"COSTA RICA","Consulados",41,317,41,106,128,33,0,3,7400,669
"CUBA","Consulados",8,7,0,16,4,4,1,0,198,40
"CURAZAO","Consulados",31,119,31,49,17,6,0,1,1286,254
"DINAMARCA","Consulados",4,2,0,8,16,1,0,0,58,31
"ECUADOR","Consulados",352,1289,350,1008,498,194,14,81,21324,3786
"EGIPTO","Consulados",3,4,2,9,3,3,0,0,95,24
"EL SALVADOR","Consulados",11,47,7,17,25,9,0,0,472,116
"EMIRATOS ARABES UNIDOS","Consulados",15,335,18,23,47,62,0,5,789,505
"ESPAÃA","Consulados",1223,2327,508,1545,1292,765,12,83,80641,7755
"ESTADOS UNIDOS","Consulados",928,12179,1029,2995,3175,707,16,38,183108,21067
"FILIPINAS","Consulados",4,7,4,5,7,1,0,0,71,28
"FINLANDIA","Consulados",11,10,0,7,15,4,0,0,60,47
"FRANCIA","Consulados",600,261,81,289,438,131,1,8,6805,1809
"GRECIA","Consulados",0,0,0,0,0,0,0,0,49,0
"GUATEMALA","Consulados",6,58,8,18,19,8,0,0,706,117
"HOLANDA","Consulados",72,53,10,63,110,17,0,1,1537,326
"HONDURAS","Consulados",3,16,4,11,13,3,0,0,432,50
"INDIA","Consulados",1,0,3,9,4,3,0,0,81,20
"INDONESIA","Consulados",9,22,8,15,35,4,0,0,193,93
"INGLATERRA","Consulados",278,421,94,325,501,116,0,7,8850,1742
"IRLANDA","Consulados",10,10,4,10,15,3,0,0,98,52
"ISRAEL","Consulados",11,30,1,22,21,7,0,2,744,94
"ITALIA","Consulados",114,153,62,113,184,53,1,3,4720,683
"JAMAICA","Consulados",2,2,0,5,3,2,0,0,287,14
"JAPON","Consulados",7,24,3,14,15,3,0,0,776,66
"KENIA","Consulados",2,5,3,8,2,2,0,0,62,22
"LIBANO","Consulados",5,40,0,54,6,2,0,0,653,107
"MALASIA","Consulados",4,10,2,3,20,3,0,0,105,42
"MARRUECOS","Consulados",2,6,0,2,4,0,0,0,16,14
"MEXICO","Consulados",230,347,41,173,302,69,0,3,4129,1165
"NICARAGUA","Consulados",3,11,2,14,7,2,0,0,214,39
"NORUEGA","Consulados",12,3,3,5,10,0,0,0,105,33
"NUEVA ZELANDIA","Consulados",14,15,7,10,51,21,0,0,185,118
"PANAMA","Consulados",48,490,67,178,208,38,0,1,10473,1030
"PARAGUAY","Consulados",10,25,5,15,10,7,0,0,258,72
"PERU","Consulados",112,320,74,176,240,53,0,2,2721,977
"POLONIA","Consulados",10,10,0,9,10,3,0,0,108,42
"PORTUGAL","Consulados",15,16,0,27,19,15,0,1,332,93
"PUERTO RICO","Consulados",25,151,15,59,53,21,1,0,1196,325
"REPUBLICA DOMINICANA","Consulados",35,162,23,70,110,34,0,1,1710,435
"RUSIA","Consulados",35,6,1,14,4,4,0,0,246,64
"SUDAFRICA","Consulados",7,31,2,11,23,3,0,0,186,77
"SUECIA","Consulados",66,44,5,43,59,17,0,4,1075,238
"SUIZA","Consulados",145,128,22,125,153,27,0,2,2486,602
"TAILANDIA","Consulados",2,3,1,12,8,6,0,0,52,32
"TRINIDAD Y TOBAGO","Consulados",4,18,10,14,19,3,0,0,103,68
"TURQUIA","Consulados",10,15,4,9,6,2,0,0,72,46
"URUGUAY","Consulados",29,34,5,30,30,16,0,3,388,147
"VENEZUELA","Consulados",1430,8232,790,8904,820,196,36,145,171944,20553
